Workbook
Name circuitNumbers: dropdownList!$A$1:$A$21

Sheet masterDataSheet
A1: Master Data Sheet | H1: TRAP | O1: AIR
A2: Lake | B2: Site | C2: Date.time.Deployment | D2: Date.time.LoggerMax | E2: Date.time.Retrieval | F2: Latitude | G2: Longitude | H2: Site Depth.ft | I2: Temperature.C | J2: Volume Collected.mL | K2: Volume Calculated.mL | L2: Normalized Volume.mL | M2: Max Calculated Volume.mL | N2: Sensor Background Voltage | O2: BP.mmHg
A3: Harsha | B3: EUS3 | C3: 2015-05-05 14:00 | D3: NA | E3: 2015-05-07 11:10 | F3: 39.02925 | G3: -84.09093 | H3: NA | I3: NA | J3: =26+26+26+80+140+120 -> 418 | K3: NA | L3: NA | M3: NA | N3: NA | O3: 764.286
A4: Harsha | B4: EUS | C4: =sensorCalcs!C154 -> 2015-09-28 11:46 | D4: 2015-09-29 01:26 | E4: 2015-10-05 14:51 | F4: 39.026410 | G4: -84.091370 | H4: 11 | I4: =sensorCalcs!G154 -> 21.842778 | J4: =29+28+28+(140*6)+90 -> 1015 | K4: =sensorCalcs!O154 -> 386.11896 | L4: =sensorCalcs!U154 -> 5.5870138 | M4: =sensorCalcs!P154 -> 386.28512 | N4: =sensorCalcs!E154 -> 0.17521 | O4: 742.8
A5: Harsha | B5: EUS2 | C5: 2015-05-05 14:00 | D5: NA | E5: 2015-05-07 10:14 | F5: 39.02422 | G5: -84.09095 | H5: NA | I5: NA | J5: =27+29+27.5+(140*7)+70 -> 1133.5 | K5: NA | L5: NA | M5: NA | N5: NA | O5: 764.286
A6: Harsha | B6: EUS2 | C6: 2015-05-07 10:40 | D6: NA | E6: 2015-05-07 12:10 | F6: 39.0243016 | G6: -84.09080 | H6: NA | I6: NA | J6: =140+45 -> 185 | K6: NA | L6: NA | M6: NA | N6: NA | O6: 764.286
A7: Harsha | B7: EEB | C7: 2015-05-05 14:00 | D7: NA | E7: 2015-05-07 11:55 | F7: 39.017303 | G7: -84.103038 | H7: NA | I7: NA | J7: =25+25+28 -> 78 | K7: NA | L7: NA | M7: NA | N7: NA | O7: 764.286
A8: CJ Brown | B8: P3 | C8: 2015-05-06 13:40 | D8: 2015-05-08 18:08 | E8: 2015-05-12 13:48 | F8: NA | G8: NA | H8: NA | I8: NA | J8: =75+27+27+26 -> 155 | K8: =sensorCalcs!O3 -> 123.36368 | L8: NA | M8: =sensorCalcs!P3 -> 123.39872 | N8: =sensorCalcs!E3 -> 0.35165 | O8: 764.794
A9: CJ Brown | B9: P4 | C9: 2015-05-06 13:20 | D9: NA | E9: 2015-05-12 10:24 | F9: NA | G9: NA | H9: NA | I9: NA | J9: 19 | K9: =sensorCalcs!O4 -> 21.312261 | L9: =sensorCalcs!U4 -> 5.5683384 | M9: =sensorCalcs!P4 -> 349.79196 | N9: =sensorCalcs!E4 -> 0.41575 | O9: 764.794
A10: CJ Brown | B10: P2 | C10: 2015-05-06 14:02 | D10: NA | E10: 2015-05-12 12:04 | F10: NA | G10: NA | H10: NA | I10: NA | J10: 5 | K10: =sensorCalcs!O5 -> NA | L10: =sensorCalcs!U5 -> NA | M10: NA | N10: =sensorCalcs!E5 -> 2.49939 | O10: 764.794
A11: CJ Brown | B11: P1 | C11: 2015-05-06 14:36 | D11: NA | E11: 2015-05-12 13:25 | F11: NA | G11: NA | H11: NA | I11: NA | J11: 6.5 | K11: =sensorCalcs!O7 -> NA | L11: =sensorCalcs!U7 -> NA | M11: NA | N11: =sensorCalcs!E7 -> 2.49939 | O11: 764.794
A12: Harsha | B12: EUS2 | C12: 2015-05-07 10:37 | D12: 2015-05-07 19:07 | E12: 2015-05-20 13:00 | F12: NA | G12: NA | H12: NA | I12: NA | J12: 963 | K12: =sensorCalcs!O8 -> 299.55337 | L12: =sensorCalcs!U8 -> 5.5112606 | M12: =sensorCalcs!P8 -> 299.65473 | N12: =sensorCalcs!E8 -> 0.69658 | O12: 764.794
A13: Harsha | B13: EUS | C13: 2015-05-05 14:00 | D13: NA | E13: 2015-05-07 10:30 | F13: 39.02656 | G13: -84.09165 | H13: NA | I13: NA | J13: =25+27+27+140+135 -> 354 | K13: NA | L13: NA | M13: NA | N13: NA | O13: 764.286
A14: Harsha | B14: EUS3 | C14: 2015-05-07 11:27 | D14: 2015-05-09 10:17 | E14: 2015-05-20 14:52 | F14: NA | G14: NA | H14: NA | I14: NA | J14: 796 | K14: =sensorCalcs!O10 -> 379.48755 | L14: =sensorCalcs!U10 -> 5.4795185 | M14: =sensorCalcs!P10 -> 379.58891 | N14: =sensorCalcs!E10 -> 0.21551 | O14: 764.794
A15: Harsha | B15: EEB | C15: 2015-05-07 11:59 | D15: 2015-05-10 04:54 | E15: 2015-05-20 15:32 | F15: NA | G15: NA | H15: NA | I15: NA | J15: 463.5 | K15: =sensorCalcs!O11 -> 138.08404 | L15: =sensorCalcs!U11 -> 1.9437058 | M15: =sensorCalcs!O11 -> 138.08404 | N15: =sensorCalcs!E11 -> 0.21245 | O15: 764.794
A16: Harsha | B16: ECP | C16: 2015-05-07 12:35 | D16: NA | E16: 2015-05-20 15:59 | F16: NA | G16: NA | H16: NA | I16: NA | J16: 12 | K16: =sensorCalcs!O12 -> 4.2649961 | L16: =sensorCalcs!U12 -> 1.9410109 | M16: =sensorCalcs!P12 -> 140.99589 | N16: =sensorCalcs!E12 -> 0.11844 | O16: 764.794
A17: CJ Brown | B17: P4 | C17: 2015-05-12 11:37 | D17: NA | E17: 2015-05-27 15:00 | F17: 39.9687915000 | G17: -87.741670000 | H17: 23 | I17: NA | J17: 249 | K17: =sensorCalcs!O13 -> 242.83841 | L17: =sensorCalcs!U13 -> 5.5420544 | M17: =sensorCalcs!P13 -> 390.29746 | N17: =sensorCalcs!E13 -> 0.16667 | O17: 784.86
A18: CJ Brown | B18: P1 | C18: 2015-05-12 13:30 | D18: NA | E18: 2015-05-27 15:37 | F18: 39.94866 | G18: -83.745296 | H18: NA | I18: NA | J18: 6 | K18: =IF(sensorCalcs!O14<0, 0, sensorCalcs!O14) -> 0 | L18: NA | M18: =sensorCalcs!P14 -> 109.17746 | N18: =sensorCalcs!E14 -> 0.51099 | O18: 784.86
A19: CJ Brown | B19: P2 | C19: 2015-05-12 12:10 | D19: NA | E19: 2015-05-27 16:30 | F19: 39.95901 | G19: -83.739188 | H19: NA | I19: NA | J19: NA | K19: NA | L19: NA | M19: =sensorCalcs!P15 -> 140.51672 | N19: =sensorCalcs!E15 -> 0.17277 | O19: 784.86
A20: Harsha | B20: EUS3 | C20: 2015-05-20 15:11 | D20: 2015-05-21 01:16 | E20: 2015-06-03 11:51 | F20: 39.0292133 | G20: -84.090945 | H20: 12 | I20: NA | J20: 995 | K20: =sensorCalcs!O16 -> 331.27588 | L20: =sensorCalcs!U16 -> 5.5343861 | M20: =sensorCalcs!P16 -> 331.37588 | N20: =sensorCalcs!E16 -> 0.47863 | O20: 763.778
A21: Harsha | B21: EUS | C21: =sensorCalcs!C197 -> 2015-11-04 11:34 | D21: 2015-11-09 23:34 | E21: 2015-11-12 11:04 | F21: 39.026275 | G21: -84.091541 | H21: NA | I21: =sensorCalcs!G197 -> 14.983889 | J21: =(140*6)+5+30+28+29 -> 932 | K21: =sensorCalcs!O197 -> 398.4945 | L21: =sensorCalcs!U197 -> 5.7613117 | M21: =sensorCalcs!P197 -> 398.66066 | N21: =sensorCalcs!E197 -> 0.10073 | O21: 756.666
A22: Harsha | B22: EUS2 | C22: 2015-05-20 13:09 | D22: 2015-05-20 17:19 | E22: 2015-06-03 13:30 | F22: 39.0242000 | G22: -84.09084166 | H22: 10 | I22: NA | J22: 811 | K22: 353.77418 | L22: 351.15634 | M22: 353.77418 | N22: 0.316 | O22: 763.778
A23: Harsha | B23: ECP | C23: 2015-05-20 16:17 | D23: NA | E23: 2015-06-03 13:50 | F23: 39.0121800 | G23: -84.09885166 | H23: 33 | I23: NA | J23: 22.2 | K23: 1.8643116 | L23: 1.8602379 | M23: 100.05139 | N23: 0.888 | O23: 763.778
A24: Harsha | B24: EEB | C24: 2015-05-20 15:46 | D24: 2015-05-24 06:25 | E24: 2015-06-03 14:21 | F24: 39.01726000 | G24: -84.102956666 | H24: 40 | I24: NA | J24: =28+29+28+(140*3)+20 -> 525 | K24: 119.1944 | L24: 119.79508 | M24: 119.1944 | N24: 0.476 | O24: 763.778
A25: Harsha | B25: EOF | C25: 2015-05-29 11:44 | D25: NA | E25: 2015-06-03 15:00 | F25: NA | G25: NA | H25: 102 | I25: NA | J25: 123.5 | K25: =sensorCalcs!O23 -> 99.906057 | L25: =sensorCalcs!U23 -> 1.9498011 | M25: =sensorCalcs!P23 -> 133.48917 | N25: =sensorCalcs!E23 -> 0.26007 | O25: 763.778
A26: Harsha | B26: EFL | C26: 2015-05-29 13:02 | D26: NA | E26: 2015-06-03 15:33 | F26: NA | G26: NA | H26: 44 | I26: NA | J26: 27.13 | K26: =sensorCalcs!O24 -> 16.339623 | L26: =sensorCalcs!U24 -> 1.9453734 | M26: =sensorCalcs!P24 -> 134.72598 | N26: =sensorCalcs!E24 -> 0.36569 | O26: 763.778
A27: Harsha | B27: EMB | C27: =sensorCalcs!C228 -> 2015-11-25 14:57 | D27: NA | E27: 2015-12-02 14:57 | F27: 39.019338 | G27: -84.131072 | H27: NA | I27: =sensorCalcs!G228 -> 12.218889 | J27: =26+13 -> 39 | K27: =sensorCalcs!O228 -> 23.322541 | L27: =sensorCalcs!U228 -> 2.0462248 | M27: =sensorCalcs!P228 -> 128.49705 | N27: =sensorCalcs!E228 -> 0.21612 | O27: 736.2
A28: Harsha | B28: EUS3 | C28: 2015-06-03 11:59 | D28: 2015-06-03 23:54 | E28: 2015-06-10 10:54 | F28: 39.02929 | G28: -84.09094 | H28: 12 | I28: NA | J28: 1725 | K28: =sensorCalcs!O26 -> 343.48585 | L28: =sensorCalcs!U26 -> 5.4534101 | M28: =sensorCalcs!P26 -> 343.58586 | N28: =sensorCalcs!E26 -> 0.40415 | O28: 758.952
A29: Harsha | B29: EUS | C29: =sensorCalcs!C115 -> 2015-08-31 14:10 | D29: 2015-09-01 09:05 | E29: 2015-09-08 13:20 | F29: 39.026491 | G29: -84.0915183 | H29: 11 | I29: NA | J29: =25+25+25+140+140+140+140+140 -> 775 | K29: =sensorCalcs!O115 -> 363.36196 | L29: =sensorCalcs!U115 -> 5.4154829 | M29: =sensorCalcs!P115 -> 363.53312 | N29: =sensorCalcs!E115 -> 0.37607 | O29: 750.2
A30: Harsha | B30: EUS2 | C30: 2015-06-03 13:32 | D30: 2015-06-03 14:32 | E30: 2015-06-10 13:40 | F30: 39.024281 | G30: -84.090958 | H30: 12 | I30: NA | J30: 791 | K30: =sensorCalcs!O28 -> 359.11638 | L30: =sensorCalcs!U28 -> 5.4513294 | M30: =sensorCalcs!P28 -> 359.21876 | N30: =sensorCalcs!E28 -> 0.35958 | O30: 758.952
A31: Harsha | B31: ECP | C31: 2015-06-03 13:58 | D31: NA | E31: 2015-06-10 15:10 | F31: 39.01230 | G31: -84.09877 | H31: 32 | I31: NA | J31: 26.3 | K31: =sensorCalcs!O29 -> 5.5394913 | L31: =sensorCalcs!U29 -> 1.9190558 | M31: =sensorCalcs!P29 -> 108.04991 | N31: =sensorCalcs!E29 -> 0.76129 | O31: 758.952
A32: Harsha | B32: EEB | C32: 2015-06-03 14:23 | D32: 2015-06-05 10:38 | E32: 2015-06-10 14:07 | F32: NA | G32: NA | H32: 40 | I32: NA | J32: 523 | K32: =sensorCalcs!O30 -> 124.28259 | L32: =sensorCalcs!U30 -> 1.9253061 | M32: =sensorCalcs!P30 -> 124.31858 | N32: =sensorCalcs!E30 -> 0.39316 | O32: 758.952
A33: CJ Brown | B33: P4 | C33: 2015-05-27 14:55 | D33: 2015-06-03 05:59 | E33: 2015-06-24 16:34 | F33: 39.968756 | G33: -83.741623 | H33: 24 | I33: NA | J33: 839 | K33: =sensorCalcs!O21 -> 388.15305 | L33: =sensorCalcs!U21 -> 5.4445048 | M33: =sensorCalcs!P21 -> 388.25509 | N33: =sensorCalcs!E21 -> 0.17888 | O33: 742.6
A34: CJ Brown | B34: P1 | C34: 2015-05-27 15:42 | D34: 2015-06-02 08:02 | E34: 2015-06-24 12:16 | F34: 39.948653 | G34: -83.745360 | H34: 38 | I34: NA | J34: 392 | K34: =sensorCalcs!O22 -> 120.77195 | L34: =sensorCalcs!U22 -> 1.9106084 | M34: =sensorCalcs!P22 -> 120.80543 | N34: =sensorCalcs!E22 -> 0.29915 | O34: =AVERAGE(742.6,745.1) -> 743.85
A35: Harsha | B35: EMB | C35: 2015-07-29 12:43 | D35: 2015-07-31 16:13 | E35: 2015-08-05 13:13 | F35: 39.020038 | G35: -84.131073 | H35: 70 | I35: NA | J35: =28+30+29+(140*3)+120 -> 627 | K35: =sensorCalcs!O76 -> 118.59453 | L35: =sensorCalcs!U76 -> 1.9099619 | M35: =sensorCalcs!P76 -> 118.62957 | N35: 0.43468 | O35: 748.2
A36: Harsha | B36: EUS3 | C36: 2015-06-10 11:03 | D36: 2015-06-11 02:13 | E36: 2015-07-01 10:58 | F36: 39.029165 | G36: -84.090903 | H36: 15 | I36: NA | J36: 950 | K36: =sensorCalcs!O34 -> 355.79583 | L36: =sensorCalcs!U34 -> 5.5566455 | M36: =sensorCalcs!P34 -> 355.89583 | N36: =sensorCalcs!E34 -> 0.32906 | O36: 748.9
A37: Harsha | B37: EUS | C37: =sensorCalcs!C143 -> 2015-09-23 13:09 | D37: 2015-09-24 15:39 | E37: 2015-09-28 11:24 | F37: 39.02646 | G37: -84.09150 | H37: 9 | I37: =sensorCalcs!G143 -> 23.641111 | J37: =(140*10)+75+29+28.5+28.5 -> 1561 | K37: =sensorCalcs!O143 -> 386.01761 | L37: =sensorCalcs!U143 -> 5.5425274 | M37: =sensorCalcs!P143 -> 386.18377 | N37: =sensorCalcs!E143 -> 0.17582 | O37: 750.2
A38: Harsha | B38: EUS2 | C38: 2015-06-10 13:46 | D38: 2015-06-11 00:38 | E38: 2015-07-01 13:11 | F38: 39.024216 | G38: -84.090896 | H38: 16 | I38: NA | J38: 593 | K38: =sensorCalcs!O36 -> 379.81272 | L38: =sensorCalcs!U36 -> 5.4750653 | M38: =sensorCalcs!P36 -> 379.9151 | N38: =sensorCalcs!E36 -> 0.23626 | O38: 748.9
A39: Harsha | B39: ECP | C39: 2015-06-10 15:19 | D39: 2015-06-24 13:24 | E39: 2015-07-01 13:54 | F39: NA | G39: NA | H39: 36 | I39: NA | J39: 488 | K39: =sensorCalcs!O37 -> 111.16082 | L39: =sensorCalcs!U37 -> 1.9298462 | M39: =sensorCalcs!P37 -> 111.19873 | N39: =sensorCalcs!E37 -> 0.71062 | O39: 746.7
A40: Harsha | B40: EEB | C40: 2015-06-10 14:18 | D40: 2015-06-11 21:03 | E40: 2015-07-01 14:23 | F40: 39.017275 | G40: -84.102846 | H40: 44 | I40: NA | J40: 605 | K40: 93.172258 | L40: =sensorCalcs!O38 -> 94.058545 | M40: =sensorCalcs!P38 -> 94.094539 | N40: =sensorCalcs!E38 -> 0.90537 | O40: 747.1
A41: Harsha | B41: ENN | C41: =sensorCalcs!C235 -> 2015-12-02 16:56 | D41: NA | E41: 2015-12-09 14:16 | F41: 39.021695 | G41: -84.099101 | H41: 10 | I41: =sensorCalcs!G235 -> 10.467222 | J41: 20 | K41: =sensorCalcs!O235 -> NA | L41: =sensorCalcs!U235 -> NA | M41: =sensorCalcs!P235 -> 142.88768 | N41: =sensorCalcs!E235 -> 0.06227 | O41: 763.524
A42: Harsha | B42: EOF | C42: 2015-06-03 15:06 | D42: 2015-06-09 20:01 | E42: 2015-07-06 14:01 | F42: 39.02016 | G42: -84.15334 | H42: 104 | I42: NA | J42: 449 | K42: =sensorCalcs!O31 -> 125.54768 | L42: =sensorCalcs!U31 -> 1.9182725 | M42: =sensorCalcs!P31 -> 125.58307 | N42: =sensorCalcs!E31 -> 0.33578 | O42: 751.3
A43: Harsha | B43: EFL | C43: 2015-06-03 15:39 | D43: 2015-07-03 17:29 | E43: 2015-07-06 15:15 | F43: 39.03686 | G43: -84.137893 | H43: 47 | I43: NA | J43: 187 | K43: =sensorCalcs!O32 -> 134.03225 | L43: =sensorCalcs!U32 -> 1.9248318 | M43: =sensorCalcs!P32 -> 134.07076 | N43: =sensorCalcs!E32 -> 0.37607 | O43: 751.3
A44: Harsha | B44: EMB | C44: 2015-07-15 15:26 | D44: 2015-07-18 07:07 | E44: 2015-07-23 12:57 | F44: 39.020020 | G44: -84.131058 | H44: NA | I44: NA | J44: =32+29+30+140+140+140+140 -> 651 | K44: =sensorCalcs!O54 -> 106.39165 | L44: =sensorCalcs!U54 -> 1.9115719 | M44: =sensorCalcs!P54 -> 106.42669 | N44: 0.64713 | O44: 745.8
A45: CJ Brown | B45: P3 | C45: 2015-06-24 13:25 | D45: 2015-06-26 05:40 | E45: 2015-07-08 14:40 | F45: 39.9631383 | G45: -83.7290416 | H45: 16 | I45: NA | J45: 374 | K45: =sensorCalcs!O40 -> 137.52659 | L45: =sensorCalcs!U40 -> 1.9378767 | M45: =sensorCalcs!P40 -> 137.5627 | N45: =sensorCalcs!E40 -> 0.17643 | O45: 737.5
A46: CJ Brown | B46: P1 | C46: 2015-06-24 14:21 | D46: 2015-06-25 21:46 | E46: 2015-07-08 14:06 | F46: 39.948618 | G46: -83.745408 | H46: 38 | I46: NA | J46: 617 | K46: =sensorCalcs!O41 -> 113.56759 | L46: =sensorCalcs!U41 -> 1.9384323 | M46: =sensorCalcs!P41 -> 113.60107 | N46: =sensorCalcs!E41 -> 0.43040 | O46: 737.5
A47: CJ Brown | B47: P4 | C47: 2015-06-24 16:39 | D47: 2015-06-26 17:15 | E47: 2015-07-08 13:55 | F47: 39.968788 | G47: -83.741743 | H47: 23 | I47: NA | J47: 710 | K47: =sensorCalcs!O42 -> 381.71982 | L47: =sensorCalcs!U42 -> 5.5836067 | M47: =sensorCalcs!P42 -> 381.82186 | N47: 0.21734 | O47: 737.5
A48: Harsha | B48: EUS | C48: =sensorCalcs!C206 -> 2015-11-12 12:03 | D48: NA | E48: 2015-11-19 10:58 | F48: 39.026406 | G48: -84.091485 | H48: 6 | I48: =sensorCalcs!G206 -> 13.087778 | J48: =26+26+26+55 -> 133 | K48: =sensorCalcs!O206 -> 129.83377 | L48: =sensorCalcs!U206 -> 5.7737778 | M48: =sensorCalcs!P206 -> 390.44409 | N48: =sensorCalcs!E206 -> 0.15018 | O48: 763.016
A49: Harsha | B49: ECP | C49: 2015-07-01 13:58 | D49: 2015-07-02 16:58 | E49: 2015-07-15 14:08 | F49: NA | G49: NA | H49: 42 | I49: NA | J49: =29+30+29+140+140+120 -> 488 | K49: =sensorCalcs!O47 -> 111.00919 | L49: =sensorCalcs!U47 -> 1.9302513 | M49: =sensorCalcs!P47 -> 111.0471 | N49: =sensorCalcs!E47 -> 0.71306 | O49: 746.2
A50: Harsha | B50: ENN | C50: =sensorCalcs!C89 -> 2015-08-11 14:09 | D50: 2015-08-12 05:14 | E50: 2015-08-17 13:54 | F50: 39.02115 | G50: -84.0979 | H50: 30 | I50: NA | J50: =27+27+28+(140*4)+65 -> 707 | K50: =sensorCalcs!O89 -> 106.56627 | L50: =sensorCalcs!U89 -> 1.9059705 | M50: =sensorCalcs!P89 -> 106.60203 | N50: =sensorCalcs!E89 -> 0.68132 | O50: =sensorCalcs!I89 -> 749
A51: Harsha | B51: EMB | C51: 2015-07-23 12:59 | D51: 2015-07-24 00:39 | E51: 2015-07-29 12:39 | F51: 39.019890 | G51: -84.130971 | H51: NA | I51: NA | J51: =27+28+29+140+140+95 -> 459 | K51: =sensorCalcs!O67 -> 115.74485 | L51: =sensorCalcs!U67 -> 1.8959589 | M51: =sensorCalcs!P67 -> 115.78084 | N51: 0.53785 | O51: 747.2
A52: Harsha | B52: EUS2 | C52: 2015-07-01 13:17 | D52: 2015-07-02 14:42 | E52: 2015-07-16 11:47 | F52: NA | G52: NA | H52: 16.5 | I52: NA | J52: NA | K52: =sensorCalcs!O45 -> 374.68899 | L52: =sensorCalcs!U45 -> 5.4452768 | M52: =sensorCalcs!P45 -> 374.79136 | N52: =sensorCalcs!E45 -> 0.26679 | O52: 762.508
A53: Harsha | B53: EFL | C53: 2015-07-06 15:20 | D53: NA | E53: 2015-07-16 13:26 | F53: NA | G53: NA | H53: 50 | I53: NA | J53: =26+28+10 -> 64 | K53: =sensorCalcs!O50 -> 54.491712 | L53: =sensorCalcs!U50 -> 1.9142166 | M53: =sensorCalcs!P50 -> 132.99197 | N53: 0.39316 | O53: 762.508
A54: Harsha | B54: EOF | C54: 2015-07-06 14:20 | D54: 2015-07-08 11:35 | E54: 2015-07-16 14:40 | F54: NA | G54: NA | H54: NA | I54: NA | J54: =28+28+27+140+30 -> 253 | K54: =sensorCalcs!O52 -> 118.21481 | L54: =sensorCalcs!U52 -> 1.9160697 | M54: =sensorCalcs!P52 -> 118.25021 | N54: 0.46215 | O54: 762.508
A55: Harsha | B55: EUS3 | C55: 2015-07-01 11:09 | D55: 2015-07-01 17:44 | E55: 2015-07-22 12:24 | F55: 39.029253 | G55: -84.09096000 | H55: 17 | I55: NA | J55: =31+30+29+140+140+140+140+140+140+20 -> 950 | K55: =sensorCalcs!O43 -> 345.28751 | L55: =sensorCalcs!U43 -> 5.4174617 | M55: =sensorCalcs!P43 -> 345.38752 | N55: =sensorCalcs!E43 -> 0.39316 | O55: 748
A56: Harsha | B56: EEB | C56: 2015-07-01 14:32 | D56: 2015-07-02 05:22 | E56: 2015-07-22 14:02 | F56: 39.017208 | G56: -84.102858 | H56: 45 | I56: NA | J56: =28+28+29+60+140+140+140+40 -> 605 | K56: =sensorCalcs!O48 -> 129.93842 | L56: =sensorCalcs!P48 -> 129.97441 | M56: =sensorCalcs!P48 -> 129.97441 | N56: 0.29731 | O56: 748
A57: Harsha | B57: ECP | C57: 2015-07-15 14:15 | D57: 2015-07-17 01:20 | E57: 2015-07-22 14:30 | F57: 39.1219 | G57: -84.098701 | H57: 42 | I57: NA | J57: =29+29+29+140+140+140+10 -> 517 | K57: =sensorCalcs!O53 -> 105.20435 | L57: =sensorCalcs!U53 -> 1.9143815 | M57: =sensorCalcs!P53 -> 105.24226 | N57: 0.80647 | O57: 748
A58: Harsha | B58: ENN | C58: 2015-07-22 15:05 | D58: 2015-07-22 22:40 | E58: 2015-07-27 14:10 | F58: 39.021096 | G58: -84.097820 | H58: 31 | I58: NA | J58: =29+29+29+(140*5)+105 -> 892 | K58: =sensorCalcs!O62 -> 107.35347 | L58: =sensorCalcs!U62 -> 1.9079735 | M58: =sensorCalcs!P62 -> 107.38923 | N58: 0.66789 | O58: 746.7
A59: Harsha | B59: EUS | C59: 2015-08-03 12:51 | D59: 2015-08-03 20:51 | E59: 2015-08-11 11:46 | F59: 39.026445 | G59: -84.091481 | H59: 10 | I59: NA | J59: =30+30+30+(140*11)+60 -> 1690 | K59: =sensorCalcs!O81 -> 379.31241 | L59: =sensorCalcs!U81 -> 5.4139468 | M59: =sensorCalcs!P81 -> 379.41682 | N59: 0.28327 | O59: 746.1
A60: Harsha | B60: EUS2 | C60: 2015-07-16 11:55 | D60: 2015-07-16 20:00 | E60: 2015-07-22 13:30 | F60: 39.02385 | G60: -84.090911 | H60: 17 | I60: NA | J60: =27+28+30+(140*12)+15 -> 1780 | K60: =sensorCalcs!O59 -> 371.00016 | L60: =sensorCalcs!U59 -> 5.4261359 | M60: =sensorCalcs!P59 -> 371.10254 | N60: 0.28877 | O60: 748
A61: Harsha | B61: EMB | C61: 2015-07-01 15:35 | D61: 2015-07-02 11:25 | E61: 2015-07-06 15:45 | F61: 39.019968 | G61: -84.130741 | H61: 72 | I61: NA | J61: =30+28+29+140+120 -> 347 | K61: =sensorCalcs!O49 -> 101.55243 | L61: =sensorCalcs!U49 -> 1.9173369 | M61: =sensorCalcs!P49 -> 101.58747 | N61: =sensorCalcs!E49 -> 0.73138 | O61: 751.3
A62: Harsha | B62: EOF | C62: 2015-07-16 14:42 | D62: NA | E62: 2015-07-23 13:30 | F62: 39.020056 | G62: -84.153490 | H62: NA | I62: NA | J62: =29+28+28+140+140+140+20 -> 525 | K62: NA | L62: NA | M62: NA | N62: NA | O62: 745.8
A63: Harsha | B63: EFL | C63: 2015-07-16 13:33 | D63: 2015-07-18 20:23 | E63: 2015-07-23 12:13 | F63: 39.036746 | G63: -84.138120 | H63: NA | I63: NA | J63: =29+30+27+140+140+90 -> 456 | K63: =sensorCalcs!O58 -> 127.55826 | L63: =sensorCalcs!U58 -> 1.9166258 | M63: =sensorCalcs!P58 -> 127.59677 | N63: 0.47863 | O63: 745.8
A64: Harsha | B64: ECP | C64: 2015-07-22 14:35 | D64: 2015-07-23 01:35 | E64: 2015-07-27 14:45 | F64: 39.012141 | G64: -84.098810 | H64: 33 | I64: NA | J64: =30+29+29+(140*5) -> 788 | K64: =sensorCalcs!O60 -> 108.35317 | L64: =sensorCalcs!U60 -> 1.9082994 | M64: =sensorCalcs!P60 -> 108.39108 | N64: 0.7558 | O64: 746.7
A65: Harsha | B65: EEB | C65: 2015-07-22 14:11 | D65: 2015-07-22 22:26 | E65: 2015-07-27 15:11 | F65: 39.017198 | G65: -84.102986 | H65: 41 | I65: NA | J65: =30+29+30+(140*6)+70+85 -> 1084 | K65: =sensorCalcs!O61 -> 117.83429 | L65: =sensorCalcs!U61 -> 1.9068206 | M65: =sensorCalcs!P61 -> 118.84272 | N65: 0.48596 | O65: 746.7
A66: Harsha | B66: ENN | C66: 2015-07-01 15:06 | D66: 2015-07-02 07:26 | E66: 2015-07-15 13:11 | F66: 39.021135 | G66: -84.09779 | H66: 39 | I66: NA | J66: =30+29+29+140+140+140+135 -> 643 | K66: =sensorCalcs!O46 -> 109.71566 | L66: =sensorCalcs!U46 -> 1.9318094 | M66: =sensorCalcs!P46 -> 109.75142 | N66: =sensorCalcs!E46 -> 0.62759 | O66: 746.2
A67: Harsha | B67: EUS | C67: 2015-07-27 12:54 | D67: 2015-07-27 23:14 | E67: 2015-08-03 12:44 | F67: 39.026486 | G67: -84.091478 | H67: 10 | I67: NA | J67: =29+31+29+140+140+140+140+140+140+140+140+75 -> 1284 | K67: =sensorCalcs!O72 -> 374.29569 | L67: =sensorCalcs!U72 -> 5.3981842 | M67: =sensorCalcs!P72 -> 374.4001 | N67: 0.31258 | O67: 743.3
A68: Harsha | B68: EUS2 | C68: 2015-07-22 13:36 | D68: 2015-07-22 16:26 | E68: 2015-07-27 13:26 | F68: 39.024015 | G68: -84.09087 | H68: 12 | I68: NA | J68: =29+30+29+(140*10)+15 -> 1503 | K68: =sensorCalcs!O64 -> 369.25813 | L68: =sensorCalcs!U64 -> 5.3927814 | M68: =sensorCalcs!P64 -> 369.3605 | N68: 0.29915 | O68: 746.7
A69: Harsha | B69: EUS3 | C69: 2015-07-22 12:35 | D69: 2015-07-22 15:20 | E69: 2015-07-27 11:40 | F69: 39.029173 | G69: -84.090975 | H69: 13 | I69: NA | J69: =30+29+29+(140*6)+25 -> 953 | K69: =sensorCalcs!O65 -> 351.79251 | L69: =sensorCalcs!U65 -> 5.406874 | M69: =sensorCalcs!P65 -> 351.89251 | N69: 0.35348 | O69: 746.7
A70: Harsha | B70: EFL | C70: 2015-07-23 12:21 | D70: 2015-07-24 12:46 | E70: 2015-07-29 13:06 | F70: 39.036976 | G70: -84.138138 | H70: 44 | I70: NA | J70: =29+29+29+(140*4)+100 -> 747 | K70: =sensorCalcs!O66 -> 131.02629 | L70: =sensorCalcs!U66 -> 1.9011387 | M70: =sensorCalcs!P66 -> 131.0648 | N70: 0.42369 | O70: 747.2
A71: Harsha | B71: EMB | C71: =sensorCalcs!C128 -> 2015-09-15 14:30 | D71: NA | E71: 2015-09-16 10:15 | F71: 39.019940 | G71: -84.130520 | H71: NA | I71: =sensorCalcs!G128 -> 24.315 | J71: =22+28+28+28 -> 106 | K71: =sensorCalcs!O128 -> 87.862206 | L71: =sensorCalcs!U128 -> 1.9439313 | M71: =sensorCalcs!P128 -> 126.37203 | N71: =sensorCalcs!E128 -> 0.35836 | O71: 769.62
A72: Harsha | B72: EOF | C72: 2015-07-23 13:44 | D72: 2015-07-24 03:39 | E72: 2015-07-29 11:39 | F72: 39.020203 | G72: -84.153441 | H72: 102 | I72: NA | J72: =29+29+30+(140*4)+30 -> 678 | K72: =sensorCalcs!O68 -> 122.82041 | L72: =sensorCalcs!U68 -> 1.8919261 | M72: =sensorCalcs!P68 -> 122.85581 | N72: 0.38278 | O72: 747.2
A73: Harsha | B73: ECP | C73: 2015-07-27 14:52 | D73: 2015-07-27 14:57 | E73: 2015-08-03 14:07 | F73: 39.012481 | G73: -84.098751 | H73: 32 | I73: NA | J73: =30+29+29+140+140+140+140+140 -> 788 | K73: =sensorCalcs!O69 -> NA | L73: =sensorCalcs!U69 -> NA | M73: =sensorCalcs!P69 -> NA | N73: 1.34615 | O73: 743.3
A74: Harsha | B74: EEB | C74: 2015-07-27 15:24 | D74: 2015-07-28 01:20 | E74: 2015-08-03 14:50 | F74: 39.017276 | G74: -84.102848 | H74: 41 | I74: NA | J74: =29+30+29+140+140+23 -> 391 | K74: =sensorCalcs!O70 -> 126.44402 | L74: =sensorCalcs!U70 -> 1.9078428 | M74: =sensorCalcs!P70 -> 126.48001 | N74: 0.35653 | O74: 743.3
A75: Harsha | B75: ENN | C75: 2015-07-15 13:19 | D75: 2015-07-16 15:59 | E75: 2015-07-22 14:59 | F75: 39.021095 | G75: -84.0977633333 | H75: 36 | I75: NA | J75: =30+30+28+40+140+140+140+140+105 -> 793 | K75: =sensorCalcs!O55 -> 106.74505 | L75: =sensorCalcs!U55 -> 1.9154904 | M75: =sensorCalcs!P55 -> 106.78081 | N75: 0.67827 | O75: 748
A76: Harsha | B76: EUS | C76: =sensorCalcs!C224 -> 2015-11-25 11:44 | D76: NA | E76: 2015-12-02 11:19 | F76: 39.02635 | G76: -84.091471 | H76: 6 | I76: =sensorCalcs!G224 -> 9.485 | J76: =25+25+25+140+140+25 -> 380 | K76: =sensorCalcs!O224 -> 387.70412 | L76: =sensorCalcs!U224 -> 5.9021956 | M76: =sensorCalcs!P224 -> 403.12369 | N76: =sensorCalcs!E224 -> 0.07387 | O76: 736.2
A77: Harsha | B77: EUS2 | C77: 2015-07-27 13:31 | D77: 2015-07-27 19:26 | E77: 2015-08-03 13:26 | F77: 39.024170 | G77: -84.090940 | H77: 12 | I77: NA | J77: =27+28+29+(140*8)+60 -> 1264 | K77: =sensorCalcs!O73 -> 364.64794 | L77: =sensorCalcs!U73 -> 5.4020782 | M77: =sensorCalcs!P73 -> 364.75031 | N77: 0.32662 | O77: 743.3
A78: Harsha | B78: EUS3 | C78: 2015-07-27 11:50 | D78: 2015-07-27 17:25 | E78: 2015-08-03 11:35 | F78: 39.029398 | G78: -84.09100 | H78: 13 | I78: NA | J78: =28+29+29+(140*6)+75 -> 1001 | K78: =sensorCalcs!O74 -> 358.2975 | L78: =sensorCalcs!U74 -> 5.4002496 | M78: =sensorCalcs!P74 -> 358.3975 | N78: 0.3138 | O78: 743.3
A79: Harsha | B79: EFL | C79: 2015-07-29 13:16 | D79: 2015-07-30 18:51 | E79: 2015-08-05 14:06 | F79: 39.036976 | G79: -84.138031 | H79: 44 | I79: NA | J79: =29+28+29+140+140+140 -> 506 | K79: =sensorCalcs!O75 -> NA | L79: =sensorCalcs!U75 -> NA | M79: =sensorCalcs!P75 -> NA | N79: 0.3138 | O79: 748.2
A80: Harsha | B80: EMB | C80: =sensorCalcs!C94 -> 2015-08-12 13:19 | D80: 2015-08-13 17:53 | E80: 2015-08-20 12:14 | F80: 39.019788 | G80: -84.130458 | H80: 64 | I80: NA | J80: =27+28+29+140+140+140+45 -> 549 | K80: =sensorCalcs!O94 -> 122.39469 | L80: =sensorCalcs!U94 -> 1.9169223 | M80: =sensorCalcs!P94 -> 122.45213 | N80: =sensorCalcs!E94 -> 0.36813 | O80: 759.714
A81: Harsha | B81: EOF | C81: 2015-07-29 11:47 | D81: 2015-07-31 14:57 | E81: 2015-08-05 12:07 | F81: 39.020031 | G81: -84.131073 | H81: 100 | I81: NA | J81: =29+28+29+140+140+140 -> 506 | K81: =sensorCalcs!O77 -> 123.52892 | L81: =sensorCalcs!U77 -> 1.9131457 | M81: =sensorCalcs!P77 -> 123.56432 | N81: 0.37057 | O81: 748.2
A82: Harsha | B82: ECP | C82: 2015-08-03 14:13 | D82: 2015-08-03 18:43 | E82: 2015-08-11 13:23 | F82: 39.012986 | G82: -84.0987550 | H82: 37 | I82: NA | J82: =30+27+28+140+140+140+95 -> 600 | K82: =sensorCalcs!O78 -> 100.99287 | L82: =sensorCalcs!U78 -> 1.912668 | M82: =sensorCalcs!P78 -> 101.03078 | N82: 0.87424 | O82: 746.1
A83: Harsha | B83: EEB | C83: 2015-08-03 15:02 | D83: 2015-08-03 21:32 | E83: 2015-08-11 14:22 | F83: 39.0182016 | G83: -84.1025950 | H83: 41 | I83: NA | J83: =29+29+29+(140*5) -> 787 | K83: =sensorCalcs!O79 -> 124.67852 | L83: =sensorCalcs!U79 -> 1.9114889 | M83: =sensorCalcs!P79 -> 124.71452 | N83: 0.38645 | O83: 746.1
A84: Harsha | B84: ENN | C84: 2015-06-10 10:12 | D84: 2015-06-12 18:12 | E84: 2015-07-01 15:02 | F84: 39.021216 | G84: -84.097671 | H84: 34 | I84: NA | J84: 643 | K84: =sensorCalcs!O39 -> 105.99361 | L84: =sensorCalcs!U39 -> 1.9261316 | M84: =sensorCalcs!P39 -> 106.02936 | N84: =sensorCalcs!E39 -> 0.69109 | O84: 747.5
A85: Harsha | B85: EUS | C85: 2015-05-20 14:37 | D85: 2015-05-21 05:27 | E85: 2015-06-03 12:54 | F85: 39.026456 | G85: -84.091465 | H85: 10 | I85: NA | J85: 1685 | K85: =sensorCalcs!O17 -> 354.65159 | L85: =sensorCalcs!U17 -> 5.5149145 | M85: =sensorCalcs!P17 -> 354.756 | N85: =sensorCalcs!E17 -> 0.42735 | O85: 763.778
A86: Harsha | B86: EUS2 | C86: 2015-08-03 13:33 | D86: 2015-08-03 13:43 | E86: 2015-08-11 12:23 | F86: 39.024083 | G86: -84.090920 | H86: 12 | I86: NA | J86: =30+30+10+30 -> 100 | K86: =sensorCalcs!O82 -> NA | L86: =sensorCalcs!U82 -> NA | M86: =sensorCalcs!P82 -> NA | N86: 0.75824 | O86: 746.1
A87: Harsha | B87: EUS3 | C87: 2015-08-03 11:49 | D87: 2015-08-03 18:49 | E87: 2015-08-11 11:04 | F87: 39.0291833 | G87: -84.09087 | H87: 13 | I87: NA | J87: =29+29+30+(140*7)+60+65 -> 1193 | K87: =sensorCalcs!O83 -> 349.09084 | L87: =sensorCalcs!U83 -> 5.4225398 | M87: =sensorCalcs!P83 -> 349.19084 | N87: 0.36996 | O87: 746.1
A88: Harsha | B88: EFL | C88: 2015-08-05 14:12 | D88: 2015-08-06 20:17 | E88: 2015-08-12 11:22 | F88: 39.036783 | G88: -84.137990 | H88: 49 | I88: NA | J88: =27+28+30+143+(140*5) -> 928 | K88: =sensorCalcs!O84 -> 133.91674 | L88: =sensorCalcs!U84 -> 1.9181393 | M88: =sensorCalcs!P84 -> 133.95524 | N88: 0.3779 | O88: 750.2
A89: Harsha | B89: EMB | C89: =sensorCalcs!C103 -> 2015-08-20 12:30 | D89: 2015-08-22 19:55 | E89: 2015-08-26 12:20 | F89: 39.01966 | G89: -84.130255 | H89: 64 | I89: NA | J89: =28+27+29+140+140+140+5 -> 509 | K89: =sensorCalcs!O103 -> 116.54339 | L89: =sensorCalcs!U103 -> 1.9264284 | M89: =sensorCalcs!P103 -> 116.60083 | N89: =sensorCalcs!E103 -> 0.47 | O89: 748.3
A90: Harsha | B90: EOF | C90: 2015-08-05 12:25 | D90: 2015-08-06 09:20 | E90: 2015-08-12 13:30 | F90: 39.019913 | G90: -84.153403 | H90: 104 | I90: NA | J90: =29+29+29+140+140+140+140 -> 647 | K90: =sensorCalcs!O86 -> 60.081679 | L90: =sensorCalcs!U86 -> 1.9243185 | M90: =sensorCalcs!P86 -> 130.43645 | N90: 0.25214 | O90: 750.2
A91: Harsha | B91: ECP | C91: 2015-08-11 13:38 | D91: 2015-08-12 14:43 | E91: 2015-08-17 14:18 | F91: 39.01248 | G91: -84.09869 | H91: 32 | I91: NA | J91: =28+27+28+(140*5)+80 -> 863 | K91: =sensorCalcs!O87 -> 112.14705 | L91: =sensorCalcs!U87 -> 1.9099439 | M91: =sensorCalcs!P87 -> 112.18495 | N91: 0.69475 | O91: =sensorCalcs!I87 -> 749
A92: Harsha | B92: EEB | C92: =sensorCalcs!C88 -> 2015-08-11 14:36 | D92: 2015-08-12 07:01 | E92: 2015-08-17 14:46 | F92: 39.017293 | G92: -84.102576 | H92: 40 | I92: NA | J92: =28+30+29+(140*6)+10 -> 937 | K92: =sensorCalcs!O88 -> 125.79553 | L92: =sensorCalcs!U88 -> 1.9085069 | M92: =sensorCalcs!P88 -> 125.83152 | N92: =sensorCalcs!E88 -> 0.36752 | O92: =sensorCalcs!I88 -> 749
A93: Harsha | B93: ENN | C93: 2015-07-27 14:17 | D93: 2015-07-27 21:57 | E93: 2015-08-03 15:22 | F93: 39.021315 | G93: -84.097390 | H93: 31 | I93: NA | J93: =29+29+29+140+140+140+140+140+105 -> 892 | K93: =sensorCalcs!O71 -> 112.29179 | L93: =sensorCalcs!U71 -> 1.9070849 | M93: =sensorCalcs!P71 -> 112.32755 | N93: 0.58364 | O93: 743.3
A94: Harsha | B94: EUS | C94: 2015-06-10 13:22 | D94: 2015-06-12 09:38 | E94: 2015-07-01 11:43 | F94: 39.02646 | G94: -84.09146 | H94: 14 | I94: NA | J94: 706 | K94: =sensorCalcs!O35 -> 378.99919 | L94: =sensorCalcs!U35 -> 5.5519186 | M94: =sensorCalcs!P35 -> 379.1036 | N94: =sensorCalcs!E35 -> 0.28510 | O94: 748.9
A95: Harsha | B95: EUS2 | C95: =sensorCalcs!C91 -> 2015-08-11 12:38 | D95: 2015-08-11 18:33 | E95: 2015-08-17 12:53 | F95: 39.024245 | G95: -84.0908800 | H95: 12 | I95: NA | J95: =27+28+28+(140*10)+105 -> 1588 | K95: =sensorCalcs!O91 -> 398.05085 | L95: =sensorCalcs!U91 -> 5.4078662 | M95: =sensorCalcs!P91 -> 398.15221 | N95: =sensorCalcs!E91 -> 0.10379 | O95: =sensorCalcs!I91 -> 749
A96: Harsha | B96: EUS3 | C96: =sensorCalcs!C92 -> 2015-08-11 11:23 | D96: 2015-08-11 17:03 | E96: 2015-08-17 11:38 | F96: 39.029255 | G96: -84.090996 | H96: 13 | I96: NA | J96: =34+29+27+(140*13)+120 -> 2030 | K96: =sensorCalcs!O92 -> 370.00747 | L96: =sensorCalcs!U92 -> 5.381791 | M96: =sensorCalcs!P92 -> 370.10747 | N96: =sensorCalcs!E92 -> 0.24237 | O96: =sensorCalcs!I92 -> 749
A97: Harsha | B97: EFL | C97: =sensorCalcs!C93 -> 2015-08-12 11:50 | D97: 2015-08-14 00:01 | E97: 2015-08-20 11:01 | F97: 39.037046 | G97: -84.137615 | H97: 48 | I97: NA | J97: =29+29+29+140+140+140+70 -> 577 | K97: =sensorCalcs!O93 -> 139.51835 | L97: =sensorCalcs!U93 -> 1.9114873 | M97: =sensorCalcs!P93 -> 139.58147 | N97: =sensorCalcs!E93 -> 0.28877 | O97: 759.714
A98: Harsha | B98: EMB | C98: =sensorCalcs!C121 -> 2015-09-02 13:48 | D98: 2015-09-03 23:34 | E98: 2015-09-10 13:23 | F98: 39.019701 | G98: -84.130225 | H98: 65 | I98: NA | J98: =30+29+30+(140*4)+5 -> 654 | K98: =sensorCalcs!O121 -> 120.95699 | L98: =sensorCalcs!U121 -> 1.9227716 | M98: =sensorCalcs!P121 -> 121.01443 | N98: =sensorCalcs!E121 -> 0.39316 | O98: 746.1
A99: Harsha | B99: EOF | C99: =sensorCalcs!C95 -> 2015-08-12 14:04 | D99: 2015-08-14 12:04 | E99: 2015-08-20 12:59 | F99: 39.020155 | G99: -84.153281 | H99: 102 | I99: NA | J99: =29+28+28+140+140+140+80 -> 585 | K99: =sensorCalcs!O95 -> 122.72699 | L99: =sensorCalcs!U95 -> 1.9165225 | M99: =sensorCalcs!P95 -> 122.78502 | N99: =sensorCalcs!E95 -> 0.384 | O99: 759.714
A100: Harsha | B100: EUS3 | C100: =sensorCalcs!C96 -> 2015-08-17 11:53 | D100: 2015-08-17 18:43 | E100: 2015-08-24 14:08 | F100: 39.029310 | G100: -84.091055 | H100: 13 | I100: NA | J100: =30+29+31+(140*9) -> 1350 | K100: =sensorCalcs!O96 -> 368.94352 | L100: =sensorCalcs!U96 -> 5.4054496 | M100: =sensorCalcs!P96 -> 369.10746 | N100: =sensorCalcs!E96 -> 0.24847 | O100: =sensorCalcs!I96 -> 745.8
...

Sheet sensorCalcs
K1: Height to Volume Conversion | Q1: Temperature Normalization
A2: Lake | B2: Site | C2: Date.time.Deployment | D2: Circuit # from data sheet | E2: background voltage | F2: temperature at sampling.F | G2: temperature at sampling.C | H2: final voltage | I2: BP mm.Hg | J2: Slope from calibration curve (cm/volts) | K2: height.cm | L2: Schedule 40 Pipe.in | M2: Pipe Radius.cm | N2: Cross sectional Area of Pipe.cm2 | O2: Volume calculated.cm3 | P2: Max calculated Volume.cm3 | Q2: Density of Water (kg/m3) | R2: Patm (Pa) | S2: g (m/s2) | T2: Temp. in Degrees Kelvin | U2: Volume normalized to 20 degrees C
A3: CJ Brown | B3: P3 | C3: 2015-05-06 13:40 | D3: 14 | E3: 0.35165 | F3: 68.785 | G3: =CONVERT(F3,"F","C") -> 20.436111 | H3: 2.49939 | I3: NA | J3: =IF(D3=1, 32.2,IF(D3=2, 30.8, IF(D3=3, 29.9, IF(D3=4, 29.6, IF(D3=5, 29.9, IF(D3=6, 30.2, IF(D3=7, 30.4, IF(D3=8, 28, IF(D3=9, 32.2, IF(D3=10, 30.1, IF(D3=11, 30.1, IF(D3=12, 29.2, IF(D3=13, 30.8,IF(D3=14,29.3, IF(D3=15,30.2,IF(D3=16, 30.8,IF(D3=17,30.1,IF(D3=18,29.5,IF(D3=19,28.7,IF(D3=20,30.2,IF(D3=21,31.7, "NOT LISTED"))))))))))))))))))))) -> 29.3 | K3: =J3*(H3-E3) -> 62.928782 | L3: =IF(OR(B3="P4",B3="P5",B3="EUS3",B3="EUS",B3="EUS2"),1,0.5) -> 0.5 | M3: =IF(L3 = 0.5, 0.78994,IF(L3=1, 1.33, "NOT LISTED")) -> 0.78994 | N3: =$M3^2*3.141592 -> 1.9603698 | O3: =K3*N3 -> 123.36368 | P3: =(J3*(2.5-E3))*N3 -> 123.39872 | Q3: =(999.83952+16.945176*G3-0.00798704*G3^2-0.000046170461*G3^3+0.00000010556302*G3^4-0.00000000028054253*G3^5)/(1+0.01689785*G3) -> 997.8402 | R3: =IF(I3="NA", 101325, I3*133.322368) -> 101325 | S3: 9.8 | T3: =G3+273.15 -> 293.58611 | U3: =(1+((Q3*S3/R3/100)*(1+0.01*K3)))*N3*(293/T3) -> 1.9595325
A4: CJ Brown | B4: P4 | C4: 2015-05-06 13:20 | D4: 20 | E4: 0.41575 | F4: 67.199 | G4: =CONVERT(F4,"F","C") -> 19.555 | H4: 0.54274 | I4: NA | J4: =IF(D4=1, 32.2,IF(D4=2, 30.8, IF(D4=3, 29.9, IF(D4=4, 29.6, IF(D4=5, 29.9, IF(D4=6, 30.2, IF(D4=7, 30.4, IF(D4=8, 28, IF(D4=9, 32.2, IF(D4=10, 30.1, IF(D4=11, 30.1, IF(D4=12, 29.2, IF(D4=13, 30.8,IF(D4=14,29.3, IF(D4=15,30.2,IF(D4=16, 30.8,IF(D4=17,30.1,IF(D4=18,29.5,IF(D4=19,28.7,IF(D4=20,30.2,IF(D4=21,31.7, "NOT LISTED"))))))))))))))))))))) -> 30.2 | K4: =J4*(H4-E4) -> 3.835098 | L4: =IF(OR(B4="P4",B4="P5",B4="EUS3",B4="EUS",B4="EUS2"),1,0.5) -> 1 | M4: =IF(L4 = 0.5, 0.78994,IF(L4=1, 1.33, "NOT LISTED")) -> 1.33 | N4: =$M4^2*3.141592 -> 5.5571621 | O4: =K4*N4 -> 21.312261 | P4: =(J4*(2.5-E4))*N4 -> 349.79196 | Q4: =(999.83952+16.945176*G4-0.00798704*G4^2-0.000046170461*G4^3+0.00000010556302*G4^4-0.00000000028054253*G4^5)/(1+0.01689785*G4) -> 998.03082 | R4: =IF(I4="NA", 101325, I4*133.322368) -> 101325 | S4: 9.8 | T4: =G4+273.15 -> 292.705 | U4: =(1+((Q4*S4/R4/100)*(1+0.01*K4)))*N4*(293/T4) -> 5.5683384
A5: CJ Brown | B5: P2 | C5: 2015-05-06 14:02 | D5: 15 | E5: 2.49939 | F5: 69.085 | G5: =CONVERT(F5,"F","C") -> 20.602778 | H5: 2.49939 | I5: NA | J5: =IF(D5=1, 32.2,IF(D5=2, 30.8, IF(D5=3, 29.9, IF(D5=4, 29.6, IF(D5=5, 29.9, IF(D5=6, 30.2, IF(D5=7, 30.4, IF(D5=8, 28, IF(D5=9, 32.2, IF(D5=10, 30.1, IF(D5=11, 30.1, IF(D5=12, 29.2, IF(D5=13, 30.8,IF(D5=14,29.3, IF(D5=15,30.2,IF(D5=16, 30.8,IF(D5=17,30.1,IF(D5=18,29.5,IF(D5=19,28.7,IF(D5=20,30.2,IF(D5=21,31.7, "NOT LISTED"))))))))))))))))))))) -> 30.2 | K5: =J5*(H5-E5) -> 0 | L5: =IF(OR(B5="P4",B5="P5",B5="EUS3",B5="EUS",B5="EUS2"),1,0.5) -> 0.5 | M5: =IF(L5 = 0.5, 0.78994,IF(L5=1, 1.33, "NOT LISTED")) -> 0.78994 | N5: =$M5^2*3.141592 -> 1.9603698 | O5: NA | P5: NA | Q5: =(999.83952+16.945176*G5-0.00798704*G5^2-0.000046170461*G5^3+0.00000010556302*G5^4-0.00000000028054253*G5^5)/(1+0.01689785*G5) -> 997.80326 | R5: =IF(I5="NA", 101325, I5*133.322368) -> 101325 | S5: 9.8 | T5: =G5+273.15 -> 293.75278 | U5: NA
A6: CJ Brown | B6: P5 | C6: 2015-05-06 12:25 | D6: 12 | E6: NA | F6: NA | G6: NA | H6: NA | I6: NA | J6: =IF(D6=1, 32.2,IF(D6=2, 30.8, IF(D6=3, 29.9, IF(D6=4, 29.6, IF(D6=5, 29.9, IF(D6=6, 30.2, IF(D6=7, 30.4, IF(D6=8, 28, IF(D6=9, 32.2, IF(D6=10, 30.1, IF(D6=11, 30.1, IF(D6=12, 29.2, IF(D6=13, 30.8,IF(D6=14,29.3, IF(D6=15,30.2,IF(D6=16, 30.8,IF(D6=17,30.1,IF(D6=18,29.5,IF(D6=19,28.7,IF(D6=20,30.2,IF(D6=21,31.7, "NOT LISTED"))))))))))))))))))))) -> 29.2 | K6: NA | L6: =IF(OR(B6="P4",B6="P5",B6="EUS3",B6="EUS",B6="EUS2"),1,0.5) -> 1 | M6: =IF(L6 = 0.5, 0.78994,IF(L6=1, 1.33, "NOT LISTED")) -> 1.33 | N6: =$M6^2*3.141592 -> 5.5571621 | O6: NA | P6: NA | Q6: =(999.83952+16.945176*G6-0.00798704*G6^2-0.000046170461*G6^3+0.00000010556302*G6^4-0.00000000028054253*G6^5)/(1+0.01689785*G6) -> #VALUE! | R6: =IF(I6="NA", 101325, I6*133.322368) -> 101325 | S6: 9.8 | T6: =G6+273.15 -> #VALUE! | U6: NA
A7: CJ Brown | B7: P1 | C7: 2015-05-06 14:36 | D7: 16 | E7: 2.49939 | F7: 61.075 | G7: =CONVERT(F7,"F","C") -> 16.152778 | H7: 2.49939 | I7: NA | J7: =IF(D7=1, 32.2,IF(D7=2, 30.8, IF(D7=3, 29.9, IF(D7=4, 29.6, IF(D7=5, 29.9, IF(D7=6, 30.2, IF(D7=7, 30.4, IF(D7=8, 28, IF(D7=9, 32.2, IF(D7=10, 30.1, IF(D7=11, 30.1, IF(D7=12, 29.2, IF(D7=13, 30.8,IF(D7=14,29.3, IF(D7=15,30.2,IF(D7=16, 30.8,IF(D7=17,30.1,IF(D7=18,29.5,IF(D7=19,28.7,IF(D7=20,30.2,IF(D7=21,31.7, "NOT LISTED"))))))))))))))))))))) -> 30.8 | K7: =J7*(H7-E7) -> 0 | L7: =IF(OR(B7="P4",B7="P5",B7="EUS3",B7="EUS",B7="EUS2"),1,0.5) -> 0.5 | M7: =IF(L7 = 0.5, 0.78994,IF(L7=1, 1.33, "NOT LISTED")) -> 0.78994 | N7: =$M7^2*3.141592 -> 1.9603698 | O7: NA | P7: NA | Q7: =(999.83952+16.945176*G7-0.00798704*G7^2-0.000046170461*G7^3+0.00000010556302*G7^4-0.00000000028054253*G7^5)/(1+0.01689785*G7) -> 998.68993 | R7: =IF(I7="NA", 101325, I7*133.322368) -> 101325 | S7: 9.8 | T7: =G7+273.15 -> 289.30278 | U7: NA
A8: Harsha | B8: EUS2 | C8: 2015-05-07 10:37 | D8: 3 | E8: 0.69658 | F8: 72.912 | G8: =CONVERT(F8,"F","C") -> 22.728889 | H8: 2.49939 | I8: NA | J8: =IF(D8=1, 32.2,IF(D8=2, 30.8, IF(D8=3, 29.9, IF(D8=4, 29.6, IF(D8=5, 29.9, IF(D8=6, 30.2, IF(D8=7, 30.4, IF(D8=8, 28, IF(D8=9, 32.2, IF(D8=10, 30.1, IF(D8=11, 30.1, IF(D8=12, 29.2, IF(D8=13, 30.8,IF(D8=14,29.3, IF(D8=15,30.2,IF(D8=16, 30.8,IF(D8=17,30.1,IF(D8=18,29.5,IF(D8=19,28.7,IF(D8=20,30.2,IF(D8=21,31.7, "NOT LISTED"))))))))))))))))))))) -> 29.9 | K8: =J8*(H8-E8) -> 53.904019 | L8: =IF(OR(B8="P4",B8="P5",B8="EUS3",B8="EUS",B8="EUS2"),1,0.5) -> 1 | M8: =IF(L8 = 0.5, 0.78994,IF(L8=1, 1.33, "NOT LISTED")) -> 1.33 | N8: =$M8^2*3.141592 -> 5.5571621 | O8: =K8*N8 -> 299.55337 | P8: =(J8*(2.5-E8))*N8 -> 299.65473 | Q8: =(999.83952+16.945176*G8-0.00798704*G8^2-0.000046170461*G8^3+0.00000010556302*G8^4-0.00000000028054253*G8^5)/(1+0.01689785*G8) -> 997.30751 | R8: =IF(I8="NA", 101325, I8*133.322368) -> 101325 | S8: 9.8 | T8: =G8+273.15 -> 295.87889 | U8: =(1+((Q8*S8/R8/100)*(1+0.01*K8)))*N8*(293/T8) -> 5.5112606
A9: Harsha | B9: EUS | C9: 2015-05-07 10:59 | D9: 4 | E9: 0.55189 | F9: 77.335 | G9: =CONVERT(F9,"F","C") -> 25.186111 | H9: 2.49939 | I9: NA | J9: =IF(D9=1, 32.2,IF(D9=2, 30.8, IF(D9=3, 29.9, IF(D9=4, 29.6, IF(D9=5, 29.9, IF(D9=6, 30.2, IF(D9=7, 30.4, IF(D9=8, 28, IF(D9=9, 32.2, IF(D9=10, 30.1, IF(D9=11, 30.1, IF(D9=12, 29.2, IF(D9=13, 30.8,IF(D9=14,29.3, IF(D9=15,30.2,IF(D9=16, 30.8,IF(D9=17,30.1,IF(D9=18,29.5,IF(D9=19,28.7,IF(D9=20,30.2,IF(D9=21,31.7, "NOT LISTED"))))))))))))))))))))) -> 29.6 | K9: =J9*(H9-E9) -> 57.646 | L9: =IF(OR(B9="P4",B9="P5",B9="EUS3",B9="EUS",B9="EUS2"),1,0.5) -> 1 | M9: =IF(L9 = 0.5, 0.78994,IF(L9=1, 1.33, "NOT LISTED")) -> 1.33 | N9: =$M9^2*3.141592 -> 5.5571621 | O9: =K9*N9 -> 320.34817 | P9: =(J9*(2.5-E9))*N9 -> 320.44851 | Q9: =(999.83952+16.945176*G9-0.00798704*G9^2-0.000046170461*G9^3+0.00000010556302*G9^4-0.00000000028054253*G9^5)/(1+0.01689785*G9) -> 996.67995 | R9: =IF(I9="NA", 101325, I9*133.322368) -> 101325 | S9: 9.8 | T9: =G9+273.15 -> 298.33611 | U9: =(1+((Q9*S9/R9/100)*(1+0.01*K9)))*N9*(293/T9) -> 5.4660593
A10: Harsha | B10: EUS3 | C10: 2015-05-07 11:27 | D10: 5 | E10: 0.21551 | F10: 76.071 | G10: =CONVERT(F10,"F","C") -> 24.483889 | H10: 2.49939 | I10: NA | J10: =IF(D10=1, 32.2,IF(D10=2, 30.8, IF(D10=3, 29.9, IF(D10=4, 29.6, IF(D10=5, 29.9, IF(D10=6, 30.2, IF(D10=7, 30.4, IF(D10=8, 28, IF(D10=9, 32.2, IF(D10=10, 30.1, IF(D10=11, 30.1, IF(D10=12, 29.2, IF(D10=13, 30.8,IF(D10=14,29.3, IF(D10=15,30.2,IF(D10=16, 30.8,IF(D10=17,30.1,IF(D10=18,29.5,IF(D10=19,28.7,IF(D10=20,30.2,IF(D10=21,31.7, "NOT LISTED"))))))))))))))))))))) -> 29.9 | K10: =J10*(H10-E10) -> 68.288012 | L10: =IF(OR(B10="P4",B10="P5",B10="EUS3",B10="EUS",B10="EUS2"),1,0.5) -> 1 | M10: =IF(L10 = 0.5, 0.78994,IF(L10=1, 1.33, "NOT LISTED")) -> 1.33 | N10: =$M10^2*3.141592 -> 5.5571621 | O10: =K10*N10 -> 379.48755 | P10: =(J10*(2.5-E10))*N10 -> 379.58891 | Q10: =(999.83952+16.945176*G10-0.00798704*G10^2-0.000046170461*G10^3+0.00000010556302*G10^4-0.00000000028054253*G10^5)/(1+0.01689785*G10) -> 996.86512 | R10: =IF(I10="NA", 101325, I10*133.322368) -> 101325 | S10: 9.8 | T10: =G10+273.15 -> 297.63389 | U10: =(1+((Q10*S10/R10/100)*(1+0.01*K10)))*N10*(293/T10) -> 5.4795185
A11: Harsha | B11: EEB | C11: 2015-05-07 11:59 | D11: 2 | E11: 0.21245 | F11: 73.126 | G11: =CONVERT(F11,"F","C") -> 22.847778 | H11: 2.49939 | I11: NA | J11: =IF(D11=1, 32.2,IF(D11=2, 30.8, IF(D11=3, 29.9, IF(D11=4, 29.6, IF(D11=5, 29.9, IF(D11=6, 30.2, IF(D11=7, 30.4, IF(D11=8, 28, IF(D11=9, 32.2, IF(D11=10, 30.1, IF(D11=11, 30.1, IF(D11=12, 29.2, IF(D11=13, 30.8,IF(D11=14,29.3, IF(D11=15,30.2,IF(D11=16, 30.8,IF(D11=17,30.1,IF(D11=18,29.5,IF(D11=19,28.7,IF(D11=20,30.2,IF(D11=21,31.7, "NOT LISTED"))))))))))))))))))))) -> 30.8 | K11: =J11*(H11-E11) -> 70.437752 | L11: =IF(OR(B11="P4",B11="P5",B11="EUS3",B11="EUS",B11="EUS2"),1,0.5) -> 0.5 | M11: =IF(L11 = 0.5, 0.78994,IF(L11=1, 1.33, "NOT LISTED")) -> 0.78994 | N11: =$M11^2*3.141592 -> 1.9603698 | O11: =K11*N11 -> 138.08404 | P11: =(J11*(2.5-E11))*N11 -> 138.12087 | Q11: =(999.83952+16.945176*G11-0.00798704*G11^2-0.000046170461*G11^3+0.00000010556302*G11^4-0.00000000028054253*G11^5)/(1+0.01689785*G11) -> 997.27848 | R11: =IF(I11="NA", 101325, I11*133.322368) -> 101325 | S11: 9.8 | T11: =G11+273.15 -> 295.99778 | U11: =(1+((Q11*S11/R11/100)*(1+0.01*K11)))*N11*(293/T11) -> 1.9437058
A12: Harsha | B12: ECP | C12: 2015-05-07 12:35 | D12: 6 | E12: 0.11844 | F12: 73.515 | G12: =CONVERT(F12,"F","C") -> 23.063889 | H12: 0.19048 | I12: NA | J12: =IF(D12=1, 32.2,IF(D12=2, 30.8, IF(D12=3, 29.9, IF(D12=4, 29.6, IF(D12=5, 29.9, IF(D12=6, 30.2, IF(D12=7, 30.4, IF(D12=8, 28, IF(D12=9, 32.2, IF(D12=10, 30.1, IF(D12=11, 30.1, IF(D12=12, 29.2, IF(D12=13, 30.8,IF(D12=14,29.3, IF(D12=15,30.2,IF(D12=16, 30.8,IF(D12=17,30.1,IF(D12=18,29.5,IF(D12=19,28.7,IF(D12=20,30.2,IF(D12=21,31.7, "NOT LISTED"))))))))))))))))))))) -> 30.2 | K12: =J12*(H12-E12) -> 2.175608 | L12: =IF(OR(B12="P4",B12="P5",B12="EUS3",B12="EUS",B12="EUS2"),1,0.5) -> 0.5 | M12: =IF(L12 = 0.5, 0.78994,IF(L12=1, 1.33, "NOT LISTED")) -> 0.78994 | N12: =$M12^2*3.141592 -> 1.9603698 | O12: =K12*N12 -> 4.2649961 | P12: =(J12*(2.5-E12))*N12 -> 140.99589 | Q12: =(999.83952+16.945176*G12-0.00798704*G12^2-0.000046170461*G12^3+0.00000010556302*G12^4-0.00000000028054253*G12^5)/(1+0.01689785*G12) -> 997.22535 | R12: =IF(I12="NA", 101325, I12*133.322368) -> 101325 | S12: 9.8 | T12: =G12+273.15 -> 296.21389 | U12: =(1+((Q12*S12/R12/100)*(1+0.01*K12)))*N12*(293/T12) -> 1.9410109
A13: CJ Brown | B13: P4 | C13: 2015-05-12 11:37 | D13: 10 | E13: 0.16667 | F13: 69.901 | G13: =CONVERT(F13,"F","C") -> 21.056111 | H13: 1.61844 | I13: NA | J13: =IF(D13=1, 32.2,IF(D13=2, 30.8, IF(D13=3, 29.9, IF(D13=4, 29.6, IF(D13=5, 29.9, IF(D13=6, 30.2, IF(D13=7, 30.4, IF(D13=8, 28, IF(D13=9, 32.2, IF(D13=10, 30.1, IF(D13=11, 30.1, IF(D13=12, 29.2, IF(D13=13, 30.8,IF(D13=14,29.3, IF(D13=15,30.2,IF(D13=16, 30.8,IF(D13=17,30.1,IF(D13=18,29.5,IF(D13=19,28.7,IF(D13=20,30.2,IF(D13=21,31.7, "NOT LISTED"))))))))))))))))))))) -> 30.1 | K13: =J13*(H13-E13) -> 43.698277 | L13: =IF(OR(B13="P4",B13="P5",B13="EUS3",B13="EUS",B13="EUS2"),1,0.5) -> 1 | M13: =IF(L13 = 0.5, 0.78994,IF(L13=1, 1.33, "NOT LISTED")) -> 1.33 | N13: =$M13^2*3.141592 -> 5.5571621 | O13: =K13*N13 -> 242.83841 | P13: =(J13*(2.5-E13))*N13 -> 390.29746 | Q13: =(999.83952+16.945176*G13-0.00798704*G13^2-0.000046170461*G13^3+0.00000010556302*G13^4-0.00000000028054253*G13^5)/(1+0.01689785*G13) -> 997.70133 | R13: =IF(I13="NA", 101325, I13*133.322368) -> 101325 | S13: 9.8 | T13: =G13+273.15 -> 294.20611 | U13: =(1+((Q13*S13/R13/100)*(1+0.01*K13)))*N13*(293/T13) -> 5.5420544
A14: CJ Brown | B14: P1 | C14: 2015-05-12 13:30 | D14: 8 | E14: 0.51099 | F14: 67.757 | G14: =CONVERT(F14,"F","C") -> 19.865 | H14: 0.41941 | I14: NA | J14: =IF(D14=1, 32.2,IF(D14=2, 30.8, IF(D14=3, 29.9, IF(D14=4, 29.6, IF(D14=5, 29.9, IF(D14=6, 30.2, IF(D14=7, 30.4, IF(D14=8, 28, IF(D14=9, 32.2, IF(D14=10, 30.1, IF(D14=11, 30.1, IF(D14=12, 29.2, IF(D14=13, 30.8,IF(D14=14,29.3, IF(D14=15,30.2,IF(D14=16, 30.8,IF(D14=17,30.1,IF(D14=18,29.5,IF(D14=19,28.7,IF(D14=20,30.2,IF(D14=21,31.7, "NOT LISTED"))))))))))))))))))))) -> 28 | K14: =J14*(H14-E14) -> -2.56424 | L14: =IF(OR(B14="P4",B14="P5",B14="EUS3",B14="EUS",B14="EUS2"),1,0.5) -> 0.5 | M14: =IF(L14 = 0.5, 0.78994,IF(L14=1, 1.33, "NOT LISTED")) -> 0.78994 | N14: =$M14^2*3.141592 -> 1.9603698 | O14: =K14*N14 -> -5.0268585 | P14: =(J14*(2.5-E14))*N14 -> 109.17746 | Q14: =(999.83952+16.945176*G14-0.00798704*G14^2-0.000046170461*G14^3+0.00000010556302*G14^4-0.00000000028054253*G14^5)/(1+0.01689785*G14) -> 997.96467 | R14: =IF(I14="NA", 101325, I14*133.322368) -> 101325 | S14: 9.8 | T14: =G14+273.15 -> 293.015 | U14: =(1+((Q14*S14/R14/100)*(1+0.01*K14)))*N14*(293/T14) -> 1.962113
A15: CJ Brown | B15: P2 | C15: 2015-05-12 12:10 | D15: 13 | E15: 0.17277 | F15: 66.729 | G15: =CONVERT(F15,"F","C") -> 19.293889 | H15: 0.22589 | I15: NA | J15: =IF(D15=1, 32.2,IF(D15=2, 30.8, IF(D15=3, 29.9, IF(D15=4, 29.6, IF(D15=5, 29.9, IF(D15=6, 30.2, IF(D15=7, 30.4, IF(D15=8, 28, IF(D15=9, 32.2, IF(D15=10, 30.1, IF(D15=11, 30.1, IF(D15=12, 29.2, IF(D15=13, 30.8,IF(D15=14,29.3, IF(D15=15,30.2,IF(D15=16, 30.8,IF(D15=17,30.1,IF(D15=18,29.5,IF(D15=19,28.7,IF(D15=20,30.2,IF(D15=21,31.7, "NOT LISTED"))))))))))))))))))))) -> 30.8 | K15: =J15*(H15-E15) -> 1.636096 | L15: =IF(OR(B15="P4",B15="P5",B15="EUS3",B15="EUS",B15="EUS2"),1,0.5) -> 0.5 | M15: =IF(L15 = 0.5, 0.78994,IF(L15=1, 1.33, "NOT LISTED")) -> 0.78994 | N15: =$M15^2*3.141592 -> 1.9603698 | O15: =K15*N15 -> 3.2073531 | P15: =(J15*(2.5-E15))*N15 -> 140.51672 | Q15: =(999.83952+16.945176*G15-0.00798704*G15^2-0.000046170461*G15^3+0.00000010556302*G15^4-0.00000000028054253*G15^5)/(1+0.01689785*G15) -> 998.08577 | R15: =IF(I15="NA", 101325, I15*133.322368) -> 101325 | S15: 9.8 | T15: =G15+273.15 -> 292.44389 | U15: =(1+((Q15*S15/R15/100)*(1+0.01*K15)))*N15*(293/T15) -> 1.9660246
A16: Harsha | B16: EUS3 | C16: 2015-05-20 15:11 | D16: 18 | E16: 0.47863 | F16: 70.716 | G16: =CONVERT(F16,"F","C") -> 21.508889 | H16: 2.49939 | I16: NA | J16: =IF(D16=1, 32.2,IF(D16=2, 30.8, IF(D16=3, 29.9, IF(D16=4, 29.6, IF(D16=5, 29.9, IF(D16=6, 30.2, IF(D16=7, 30.4, IF(D16=8, 28, IF(D16=9, 32.2, IF(D16=10, 30.1, IF(D16=11, 30.1, IF(D16=12, 29.2, IF(D16=13, 30.8,IF(D16=14,29.3, IF(D16=15,30.2,IF(D16=16, 30.8,IF(D16=17,30.1,IF(D16=18,29.5,IF(D16=19,28.7,IF(D16=20,30.2,IF(D16=21,31.7, "NOT LISTED"))))))))))))))))))))) -> 29.5 | K16: =J16*(H16-E16) -> 59.61242 | L16: =IF(OR(B16="P4",B16="P5",B16="EUS3",B16="EUS",B16="EUS2"),1,0.5) -> 1 | M16: =IF(L16 = 0.5, 0.78994,IF(L16=1, 1.33, "NOT LISTED")) -> 1.33 | N16: =$M16^2*3.141592 -> 5.5571621 | O16: =K16*N16 -> 331.27588 | P16: =(J16*(2.5-E16))*N16 -> 331.37588 | Q16: =(999.83952+16.945176*G16-0.00798704*G16^2-0.000046170461*G16^3+0.00000010556302*G16^4-0.00000000028054253*G16^5)/(1+0.01689785*G16) -> 997.59747 | R16: =IF(I16="NA", 101325, I16*133.322368) -> 101325 | S16: 9.8 | T16: =G16+273.15 -> 294.65889 | U16: =(1+((Q16*S16/R16/100)*(1+0.01*K16)))*N16*(293/T16) -> 5.5343861
A17: Harsha | B17: EUS | C17: 2015-05-20 14:37 | D17: 16 | E17: 0.42735 | F17: 72.610 | G17: =CONVERT(F17,"F","C") -> 22.561111 | H17: 2.49939 | I17: NA | J17: =IF(D17=1, 32.2,IF(D17=2, 30.8, IF(D17=3, 29.9, IF(D17=4, 29.6, IF(D17=5, 29.9, IF(D17=6, 30.2, IF(D17=7, 30.4, IF(D17=8, 28, IF(D17=9, 32.2, IF(D17=10, 30.1, IF(D17=11, 30.1, IF(D17=12, 29.2, IF(D17=13, 30.8,IF(D17=14,29.3, IF(D17=15,30.2,IF(D17=16, 30.8,IF(D17=17,30.1,IF(D17=18,29.5,IF(D17=19,28.7,IF(D17=20,30.2,IF(D17=21,31.7, "NOT LISTED"))))))))))))))))))))) -> 30.8 | K17: =J17*(H17-E17) -> 63.818832 | L17: =IF(OR(B17="P4",B17="P5",B17="EUS3",B17="EUS",B17="EUS2"),1,0.5) -> 1 | M17: =IF(L17 = 0.5, 0.78994,IF(L17=1, 1.33, "NOT LISTED")) -> 1.33 | N17: =$M17^2*3.141592 -> 5.5571621 | O17: =K17*N17 -> 354.65159 | P17: =(J17*(2.5-E17))*N17 -> 354.756 | Q17: =(999.83952+16.945176*G17-0.00798704*G17^2-0.000046170461*G17^3+0.00000010556302*G17^4-0.00000000028054253*G17^5)/(1+0.01689785*G17) -> 997.34825 | R17: =IF(I17="NA", 101325, I17*133.322368) -> 101325 | S17: 9.8 | T17: =G17+273.15 -> 295.71111 | U17: =(1+((Q17*S17/R17/100)*(1+0.01*K17)))*N17*(293/T17) -> 5.5149145
A18: Harsha | B18: EUS2 | C18: 2015-05-20 13:09 | D18: 20 | E18: 0.30952 | F18: 71.964 | G18: =CONVERT(F18,"F","C") -> 22.202222 | H18: 2.49939 | I18: NA | J18: =IF(D18=1, 32.2,IF(D18=2, 30.8, IF(D18=3, 29.9, IF(D18=4, 29.6, IF(D18=5, 29.9, IF(D18=6, 30.2, IF(D18=7, 30.4, IF(D18=8, 28, IF(D18=9, 32.2, IF(D18=10, 30.1, IF(D18=11, 30.1, IF(D18=12, 29.2, IF(D18=13, 30.8,IF(D18=14,29.3, IF(D18=15,30.2,IF(D18=16, 30.8,IF(D18=17,30.1,IF(D18=18,29.5,IF(D18=19,28.7,IF(D18=20,30.2,IF(D18=21,31.7, "NOT LISTED"))))))))))))))))))))) -> 30.2 | K18: =J18*(H18-E18) -> 66.134074 | L18: =IF(OR(B18="P4",B18="P5",B18="EUS3",B18="EUS",B18="EUS2"),1,0.5) -> 1 | M18: =IF(L18 = 0.5, 0.78994,IF(L18=1, 1.33, "NOT LISTED")) -> 1.33 | N18: =$M18^2*3.141592 -> 5.5571621 | O18: =K18*N18 -> 367.51777 | P18: =(J18*(2.5-E18))*N18 -> 367.62014 | Q18: =(999.83952+16.945176*G18-0.00798704*G18^2-0.000046170461*G18^3+0.00000010556302*G18^4-0.00000000028054253*G18^5)/(1+0.01689785*G18) -> 997.43448 | R18: =IF(I18="NA", 101325, I18*133.322368) -> 101325 | S18: 9.8 | T18: =G18+273.15 -> 295.35222 | U18: =(1+((Q18*S18/R18/100)*(1+0.01*K18)))*N18*(293/T18) -> 5.5217397
A19: Harsha | B19: ECP | C19: 2015-05-20 16:17 | D19: 21 | E19: 0.88828 | F19: 71.490 | G19: =CONVERT(F19,"F","C") -> 21.938889 | H19: 0.91758 | I19: NA | J19: =IF(D19=1, 32.2,IF(D19=2, 30.8, IF(D19=3, 29.9, IF(D19=4, 29.6, IF(D19=5, 29.9, IF(D19=6, 30.2, IF(D19=7, 30.4, IF(D19=8, 28, IF(D19=9, 32.2, IF(D19=10, 30.1, IF(D19=11, 30.1, IF(D19=12, 29.2, IF(D19=13, 30.8,IF(D19=14,29.3, IF(D19=15,30.2,IF(D19=16, 30.8,IF(D19=17,30.1,IF(D19=18,29.5,IF(D19=19,28.7,IF(D19=20,30.2,IF(D19=21,31.7, "NOT LISTED"))))))))))))))))))))) -> 31.7 | K19: =J19*(H19-E19) -> 0.92881 | L19: =IF(OR(B19="P4",B19="P5",B19="EUS3",B19="EUS",B19="EUS2"),1,0.5) -> 0.5 | M19: =IF(L19 = 0.5, 0.78994,IF(L19=1, 1.33, "NOT LISTED")) -> 0.78994 | N19: =$M19^2*3.141592 -> 1.9603698 | O19: =K19*N19 -> 1.820811 | P19: =(J19*(2.5-E19))*N19 -> 100.15828 | Q19: =(999.83952+16.945176*G19-0.00798704*G19^2-0.000046170461*G19^3+0.00000010556302*G19^4-0.00000000028054253*G19^5)/(1+0.01689785*G19) -> 997.49694 | R19: =IF(I19="NA", 101325, I19*133.322368) -> 101325 | S19: 9.8 | T19: =G19+273.15 -> 295.08889 | U19: =(1+((Q19*S19/R19/100)*(1+0.01*K19)))*N19*(293/T19) -> 1.9483879
... A21: CJ Brown | B21: P4 | C21: 2015-05-27 14:55 | D21: 10 | E21: 0.17888 | F21: 79.524 | G21: =CONVERT(F21,"F","C") -> 26.402222 | H21: 2.49939 | I21: NA | J21: =IF(D21=1, 32.2,IF(D21=2, 30.8, IF(D21=3, 29.9, IF(D21=4, 29.6, IF(D21=5, 29.9, IF(D21=6, 30.2, IF(D21=7, 30.4, IF(D21=8, 28, IF(D21=9, 32.2, IF(D21=10, 30.1, IF(D21=11, 30.1, IF(D21=12, 29.2, IF(D21=13, 30.8,IF(D21=14,29.3, IF(D21=15,30.2,IF(D21=16, 30.8,IF(D21=17,30.1,IF(D21=18,29.5,IF(D21=19,28.7,IF(D21=20,30.2,IF(D21=21,31.7, "NOT LISTED"))))))))))))))))))))) -> 30.1 | K21: =J21*(H21-E21) -> 69.847351 | L21: =IF(OR(B21="P4",B21="P5",B21="EUS3",B21="EUS",B21="EUS2"),1,0.5) -> 1 | M21: =IF(L21 = 0.5, 0.78994,IF(L21=1, 1.33, "NOT LISTED")) -> 1.33 | N21: =$M21^2*3.141592 -> 5.5571621 | O21: =K21*N21 -> 388.15305 | P21: =(J21*(2.5-E21))*N21 -> 388.25509 | Q21: =(999.83952+16.945176*G21-0.00798704*G21^2-0.000046170461*G21^3+0.00000010556302*G21^4-0.00000000028054253*G21^5)/(1+0.01689785*G21) -> 996.34849 | R21: =IF(I21="NA", 101325, I21*133.322368) -> 101325 | S21: 9.8 | T21: =G21+273.15 -> 299.55222 | U21: =(1+((Q21*S21/R21/100)*(1+0.01*K21)))*N21*(293/T21) -> 5.4445048
A22: CJ Brown | B22: P1 | C22: 2015-05-27 15:42 | D22: 8 | E22: 0.29915 | F22: 81.466 | G22: =CONVERT(F22,"F","C") -> 27.481111 | H22: 2.49939 | I22: NA | J22: =IF(D22=1, 32.2,IF(D22=2, 30.8, IF(D22=3, 29.9, IF(D22=4, 29.6, IF(D22=5, 29.9, IF(D22=6, 30.2, IF(D22=7, 30.4, IF(D22=8, 28, IF(D22=9, 32.2, IF(D22=10, 30.1, IF(D22=11, 30.1, IF(D22=12, 29.2, IF(D22=13, 30.8,IF(D22=14,29.3, IF(D22=15,30.2,IF(D22=16, 30.8,IF(D22=17,30.1,IF(D22=18,29.5,IF(D22=19,28.7,IF(D22=20,30.2,IF(D22=21,31.7, "NOT LISTED"))))))))))))))))))))) -> 28 | K22: =J22*(H22-E22) -> 61.60672 | L22: =IF(OR(B22="P4",B22="P5",B22="EUS3",B22="EUS",B22="EUS2"),1,0.5) -> 0.5 | M22: =IF(L22 = 0.5, 0.78994,IF(L22=1, 1.33, "NOT LISTED")) -> 0.78994 | N22: =$M22^2*3.141592 -> 1.9603698 | O22: =K22*N22 -> 120.77195 | P22: =(J22*(2.5-E22))*N22 -> 120.80543 | Q22: =(999.83952+16.945176*G22-0.00798704*G22^2-0.000046170461*G22^3+0.00000010556302*G22^4-0.00000000028054253*G22^5)/(1+0.01689785*G22) -> 996.0432 | R22: =IF(I22="NA", 101325, I22*133.322368) -> 101325 | T22: =G22+273.15 -> 300.63111 | U22: =(1+((Q22*S22/R22/100)*(1+0.01*K22)))*N22*(293/T22) -> 1.9106084
A23: Harsha | B23: EOF | C23: 2015-05-29 11:44 | D23: 7 | E23: 0.26007 | F23: 71.361 | G23: =CONVERT(F23,"F","C") -> 21.867222 | H23: 1.93648 | I23: NA | J23: =IF(D23=1, 32.2,IF(D23=2, 30.8, IF(D23=3, 29.9, IF(D23=4, 29.6, IF(D23=5, 29.9, IF(D23=6, 30.2, IF(D23=7, 30.4, IF(D23=8, 28, IF(D23=9, 32.2, IF(D23=10, 30.1, IF(D23=11, 30.1, IF(D23=12, 29.2, IF(D23=13, 30.8,IF(D23=14,29.3, IF(D23=15,30.2,IF(D23=16, 30.8,IF(D23=17,30.1,IF(D23=18,29.5,IF(D23=19,28.7,IF(D23=20,30.2,IF(D23=21,31.7, "NOT LISTED"))))))))))))))))))))) -> 30.4 | K23: =J23*(H23-E23) -> 50.962864 | L23: =IF(OR(B23="P4",B23="P5",B23="EUS3",B23="EUS",B23="EUS2"),1,0.5) -> 0.5 | M23: =IF(L23 = 0.5, 0.78994,IF(L23=1, 1.33, "NOT LISTED")) -> 0.78994 | N23: =$M23^2*3.141592 -> 1.9603698 | O23: =K23*N23 -> 99.906057 | P23: =(J23*(2.5-E23))*N23 -> 133.48917 | Q23: =(999.83952+16.945176*G23-0.00798704*G23^2-0.000046170461*G23^3+0.00000010556302*G23^4-0.00000000028054253*G23^5)/(1+0.01689785*G23) -> 997.51383 | R23: =IF(I23="NA", 101325, I23*133.322368) -> 101325 | S23: 9.8 | T23: =G23+273.15 -> 295.01722 | U23: =(1+((Q23*S23/R23/100)*(1+0.01*K23)))*N23*(293/T23) -> 1.9498011
A24: Harsha | B24: EFL | C24: 2015-05-29 13:02 | D24: 9 | E24: 0.36569 | F24: 72.351 | G24: =CONVERT(F24,"F","C") -> 22.417222 | H24: 0.62454 | I24: NA | J24: =IF(D24=1, 32.2,IF(D24=2, 30.8, IF(D24=3, 29.9, IF(D24=4, 29.6, IF(D24=5, 29.9, IF(D24=6, 30.2, IF(D24=7, 30.4, IF(D24=8, 28, IF(D24=9, 32.2, IF(D24=10, 30.1, IF(D24=11, 30.1, IF(D24=12, 29.2, IF(D24=13, 30.8,IF(D24=14,29.3, IF(D24=15,30.2,IF(D24=16, 30.8,IF(D24=17,30.1,IF(D24=18,29.5,IF(D24=19,28.7,IF(D24=20,30.2,IF(D24=21,31.7, "NOT LISTED"))))))))))))))))))))) -> 32.2 | K24: =J24*(H24-E24) -> 8.33497 | L24: =IF(OR(B24="P4",B24="P5",B24="EUS3",B24="EUS",B24="EUS2"),1,0.5) -> 0.5 | M24: =IF(L24 = 0.5, 0.78994,IF(L24=1, 1.33, "NOT LISTED")) -> 0.78994 | N24: =$M24^2*3.141592 -> 1.9603698 | O24: =K24*N24 -> 16.339623 | P24: =(J24*(2.5-E24))*N24 -> 134.72598 | Q24: =(999.83952+16.945176*G24-0.00798704*G24^2-0.000046170461*G24^3+0.00000010556302*G24^4-0.00000000028054253*G24^5)/(1+0.01689785*G24) -> 997.38298 | R24: =IF(I24="NA", 101325, I24*133.322368) -> 101325 | S24: 9.8 | T24: =G24+273.15 -> 295.56722 | U24: =(1+((Q24*S24/R24/100)*(1+0.01*K24)))*N24*(293/T24) -> 1.9453734
A25: Harsha | B25: EMB | C25: 2015-05-29 13:36 | D25: 14 | E25: 0.38095 | F25: 71.146 | G25: =CONVERT(F25,"F","C") -> 21.747778 | H25: 1.36691 | I25: NA | J25: =IF(D25=1, 32.2,IF(D25=2, 30.8, IF(D25=3, 29.9, IF(D25=4, 29.6, IF(D25=5, 29.9, IF(D25=6, 30.2, IF(D25=7, 30.4, IF(D25=8, 28, IF(D25=9, 32.2, IF(D25=10, 30.1, IF(D25=11, 30.1, IF(D25=12, 29.2, IF(D25=13, 30.8,IF(D25=14,29.3, IF(D25=15,30.2,IF(D25=16, 30.8,IF(D25=17,30.1,IF(D25=18,29.5,IF(D25=19,28.7,IF(D25=20,30.2,IF(D25=21,31.7, "NOT LISTED"))))))))))))))))))))) -> 29.3 | K25: =J25*(H25-E25) -> 28.888628 | L25: =IF(OR(B25="P4",B25="P5",B25="EUS3",B25="EUS",B25="EUS2"),1,0.5) -> 0.5 | M25: =IF(L25 = 0.5, 0.78994,IF(L25=1, 1.33, "NOT LISTED")) -> 0.78994 | N25: =$M25^2*3.141592 -> 1.9603698 | O25: =K25*N25 -> 56.632393 | P25: =(J25*(2.5-E25))*N25 -> 121.71576 | Q25: =(999.83952+16.945176*G25-0.00798704*G25^2-0.000046170461*G25^3+0.00000010556302*G25^4-0.00000000028054253*G25^5)/(1+0.01689785*G25) -> 997.54185 | R25: =IF(I25="NA", 101325, I25*133.322368) -> 101325 | S25: 9.8 | T25: =G25+273.15 -> 294.89778 | U25: =(1+((Q25*S25/R25/100)*(1+0.01*K25)))*N25*(293/T25) -> 1.9501761
A26: Harsha | B26: EUS3 | C26: 2015-06-03 11:59 | D26: 18 | E26: 0.40415 | F26: 78.602 | G26: =CONVERT(F26,"F","C") -> 25.89 | H26: 2.49939 | I26: NA | J26: =IF(D26=1, 32.2,IF(D26=2, 30.8, IF(D26=3, 29.9, IF(D26=4, 29.6, IF(D26=5, 29.9, IF(D26=6, 30.2, IF(D26=7, 30.4, IF(D26=8, 28, IF(D26=9, 32.2, IF(D26=10, 30.1, IF(D26=11, 30.1, IF(D26=12, 29.2, IF(D26=13, 30.8,IF(D26=14,29.3, IF(D26=15,30.2,IF(D26=16, 30.8,IF(D26=17,30.1,IF(D26=18,29.5,IF(D26=19,28.7,IF(D26=20,30.2,IF(D26=21,31.7, "NOT LISTED"))))))))))))))))))))) -> 29.5 | K26: =J26*(H26-E26) -> 61.80958 | L26: =IF(OR(B26="P4",B26="P5",B26="EUS3",B26="EUS",B26="EUS2"),1,0.5) -> 1 | M26: =IF(L26 = 0.5, 0.78994,IF(L26=1, 1.33, "NOT LISTED")) -> 1.33 | N26: =$M26^2*3.141592 -> 5.5571621 | O26: =K26*N26 -> 343.48585 | P26: =(J26*(2.5-E26))*N26 -> 343.58586 | Q26: =(999.83952+16.945176*G26-0.00798704*G26^2-0.000046170461*G26^3+0.00000010556302*G26^4-0.00000000028054253*G26^5)/(1+0.01689785*G26) -> 996.48975 | R26: =IF(I26="NA", 101325, I26*133.322368) -> 101325 | S26: 9.8 | T26: =G26+273.15 -> 299.04 | U26: =(1+((Q26*S26/R26/100)*(1+0.01*K26)))*N26*(293/T26) -> 5.4534101
A27: Harsha | B27: EUS | C27: 2015-06-03 13:03 | D27: 16 | E27: 0.39255 | F27: 81.997 | G27: =CONVERT(F27,"F","C") -> 27.776111 | H27: 2.49939 | I27: NA | J27: =IF(D27=1, 32.2,IF(D27=2, 30.8, IF(D27=3, 29.9, IF(D27=4, 29.6, IF(D27=5, 29.9, IF(D27=6, 30.2, IF(D27=7, 30.4, IF(D27=8, 28, IF(D27=9, 32.2, IF(D27=10, 30.1, IF(D27=11, 30.1, IF(D27=12, 29.2, IF(D27=13, 30.8,IF(D27=14,29.3, IF(D27=15,30.2,IF(D27=16, 30.8,IF(D27=17,30.1,IF(D27=18,29.5,IF(D27=19,28.7,IF(D27=20,30.2,IF(D27=21,31.7, "NOT LISTED"))))))))))))))))))))) -> 30.8 | K27: =J27*(H27-E27) -> 64.890672 | L27: =IF(OR(B27="P4",B27="P5",B27="EUS3",B27="EUS",B27="EUS2"),1,0.5) -> 1 | M27: =IF(L27 = 0.5, 0.78994,IF(L27=1, 1.33, "NOT LISTED")) -> 1.33 | N27: =$M27^2*3.141592 -> 5.5571621 | O27: =K27*N27 -> 360.60798 | P27: =(J27*(2.5-E27))*N27 -> 360.71239 | Q27: =(999.83952+16.945176*G27-0.00798704*G27^2-0.000046170461*G27^3+0.00000010556302*G27^4-0.00000000028054253*G27^5)/(1+0.01689785*G27) -> 995.95791 | R27: =IF(I27="NA", 101325, I27*133.322368) -> 101325 | S27: 9.8 | T27: =G27+273.15 -> 300.92611 | U27: =(1+((Q27*S27/R27/100)*(1+0.01*K27)))*N27*(293/T27) -> 5.4193859
A28: Harsha | B28: EUS2 | C28: 2015-06-03 13:32 | D28: 20 | E28: 0.35958 | F28: 78.822 | G28: =CONVERT(F28,"F","C") -> 26.012222 | H28: 2.49939 | I28: NA | J28: =IF(D28=1, 32.2,IF(D28=2, 30.8, IF(D28=3, 29.9, IF(D28=4, 29.6, IF(D28=5, 29.9, IF(D28=6, 30.2, IF(D28=7, 30.4, IF(D28=8, 28, IF(D28=9, 32.2, IF(D28=10, 30.1, IF(D28=11, 30.1, IF(D28=12, 29.2, IF(D28=13, 30.8,IF(D28=14,29.3, IF(D28=15,30.2,IF(D28=16, 30.8,IF(D28=17,30.1,IF(D28=18,29.5,IF(D28=19,28.7,IF(D28=20,30.2,IF(D28=21,31.7, "NOT LISTED"))))))))))))))))))))) -> 30.2 | K28: =J28*(H28-E28) -> 64.622262 | L28: =IF(OR(B28="P4",B28="P5",B28="EUS3",B28="EUS",B28="EUS2"),1,0.5) -> 1 | M28: =IF(L28 = 0.5, 0.78994,IF(L28=1, 1.33, "NOT LISTED")) -> 1.33 | N28: =$M28^2*3.141592 -> 5.5571621 | O28: =K28*N28 -> 359.11638 | P28: =(J28*(2.5-E28))*N28 -> 359.21876 | Q28: =(999.83952+16.945176*G28-0.00798704*G28^2-0.000046170461*G28^3+0.00000010556302*G28^4-0.00000000028054253*G28^5)/(1+0.01689785*G28) -> 996.45626 | R28: =IF(I28="NA", 101325, I28*133.322368) -> 101325 | S28: 9.8 | T28: =G28+273.15 -> 299.16222 | U28: =(1+((Q28*S28/R28/100)*(1+0.01*K28)))*N28*(293/T28) -> 5.4513294
A29: Harsha | B29: ECP | C29: 2015-06-03 13:58 | D29: 21 | E29: 0.76129 | F29: 79.084 | G29: =CONVERT(F29,"F","C") -> 26.157778 | H29: 0.85043 | I29: NA | J29: =IF(D29=1, 32.2,IF(D29=2, 30.8, IF(D29=3, 29.9, IF(D29=4, 29.6, IF(D29=5, 29.9, IF(D29=6, 30.2, IF(D29=7, 30.4, IF(D29=8, 28, IF(D29=9, 32.2, IF(D29=10, 30.1, IF(D29=11, 30.1, IF(D29=12, 29.2, IF(D29=13, 30.8,IF(D29=14,29.3, IF(D29=15,30.2,IF(D29=16, 30.8,IF(D29=17,30.1,IF(D29=18,29.5,IF(D29=19,28.7,IF(D29=20,30.2,IF(D29=21,31.7, "NOT LISTED"))))))))))))))))))))) -> 31.7 | K29: =J29*(H29-E29) -> 2.825738 | L29: =IF(OR(B29="P4",B29="P5",B29="EUS3",B29="EUS",B29="EUS2"),1,0.5) -> 0.5 | M29: =IF(L29 = 0.5, 0.78994,IF(L29=1, 1.33, "NOT LISTED")) -> 0.78994 | N29: =$M29^2*3.141592 -> 1.9603698 | O29: =K29*N29 -> 5.5394913 | P29: =(J29*(2.5-E29))*N29 -> 108.04991 | Q29: =(999.83952+16.945176*G29-0.00798704*G29^2-0.000046170461*G29^3+0.00000010556302*G29^4-0.00000000028054253*G29^5)/(1+0.01689785*G29) -> 996.4162 | R29: =IF(I29="NA", 101325, I29*133.322368) -> 101325 | T29: =G29+273.15 -> 299.30778 | U29: =(1+((Q29*S29/R29/100)*(1+0.01*K29)))*N29*(293/T29) -> 1.9190558
A30: Harsha | B30: EEB | C30: 2015-06-03 14:23 | D30: 11 | E30: 0.39316 | F30: 77.335 | G30: =CONVERT(F30,"F","C") -> 25.186111 | H30: 2.49939 | I30: NA | J30: =IF(D30=1, 32.2,IF(D30=2, 30.8, IF(D30=3, 29.9, IF(D30=4, 29.6, IF(D30=5, 29.9, IF(D30=6, 30.2, IF(D30=7, 30.4, IF(D30=8, 28, IF(D30=9, 32.2, IF(D30=10, 30.1, IF(D30=11, 30.1, IF(D30=12, 29.2, IF(D30=13, 30.8,IF(D30=14,29.3, IF(D30=15,30.2,IF(D30=16, 30.8,IF(D30=17,30.1,IF(D30=18,29.5,IF(D30=19,28.7,IF(D30=20,30.2,IF(D30=21,31.7, "NOT LISTED"))))))))))))))))))))) -> 30.1 | K30: =J30*(H30-E30) -> 63.397523 | L30: =IF(OR(B30="P4",B30="P5",B30="EUS3",B30="EUS",B30="EUS2"),1,0.5) -> 0.5 | M30: =IF(L30 = 0.5, 0.78994,IF(L30=1, 1.33, "NOT LISTED")) -> 0.78994 | N30: =$M30^2*3.141592 -> 1.9603698 | O30: =K30*N30 -> 124.28259 | P30: =(J30*(2.5-E30))*N30 -> 124.31858 | Q30: =(999.83952+16.945176*G30-0.00798704*G30^2-0.000046170461*G30^3+0.00000010556302*G30^4-0.00000000028054253*G30^5)/(1+0.01689785*G30) -> 996.67995 | R30: =IF(I30="NA", 101325, I30*133.322368) -> 101325 | T30: =G30+273.15 -> 298.33611 | U30: =(1+((Q30*S30/R30/100)*(1+0.01*K30)))*N30*(293/T30) -> 1.9253061
A31: Harsha | B31: EOF | C31: 2015-06-03 15:06 | D31: 4 | E31: 0.33578 | F31: 79.304 | G31: =CONVERT(F31,"F","C") -> 26.28 | H31: 2.49939 | I31: NA | J31: =IF(D31=1, 32.2,IF(D31=2, 30.8, IF(D31=3, 29.9, IF(D31=4, 29.6, IF(D31=5, 29.9, IF(D31=6, 30.2, IF(D31=7, 30.4, IF(D31=8, 28, IF(D31=9, 32.2, IF(D31=10, 30.1, IF(D31=11, 30.1, IF(D31=12, 29.2, IF(D31=13, 30.8,IF(D31=14,29.3, IF(D31=15,30.2,IF(D31=16, 30.8,IF(D31=17,30.1,IF(D31=18,29.5,IF(D31=19,28.7,IF(D31=20,30.2,IF(D31=21,31.7, "NOT LISTED"))))))))))))))))))))) -> 29.6 | K31: =J31*(H31-E31) -> 64.042856 | L31: =IF(OR(B31="P4",B31="P5",B31="EUS3",B31="EUS",B31="EUS2"),1,0.5) -> 0.5 | M31: =IF(L31 = 0.5, 0.78994,IF(L31=1, 1.33, "NOT LISTED")) -> 0.78994 | N31: =$M31^2*3.141592 -> 1.9603698 | O31: =K31*N31 -> 125.54768 | P31: =(J31*(2.5-E31))*N31 -> 125.58307 | Q31: =(999.83952+16.945176*G31-0.00798704*G31^2-0.000046170461*G31^3+0.00000010556302*G31^4-0.00000000028054253*G31^5)/(1+0.01689785*G31) -> 996.38241 | R31: =IF(I31="NA", 101325, I31*133.322368) -> 101325 | T31: =G31+273.15 -> 299.43 | U31: =(1+((Q31*S31/R31/100)*(1+0.01*K31)))*N31*(293/T31) -> 1.9182725
A32: Harsha | B32: EFL | C32: 2015-06-03 15:39 | D32: 9 | E32: 0.37607 | F32: 78.339 | G32: =CONVERT(F32,"F","C") -> 25.743889 | H32: 2.49939 | I32: NA | J32: =IF(D32=1, 32.2,IF(D32=2, 30.8, IF(D32=3, 29.9, IF(D32=4, 29.6, IF(D32=5, 29.9, IF(D32=6, 30.2, IF(D32=7, 30.4, IF(D32=8, 28, IF(D32=9, 32.2, IF(D32=10, 30.1, IF(D32=11, 30.1, IF(D32=12, 29.2, IF(D32=13, 30.8,IF(D32=14,29.3, IF(D32=15,30.2,IF(D32=16, 30.8,IF(D32=17,30.1,IF(D32=18,29.5,IF(D32=19,28.7,IF(D32=20,30.2,IF(D32=21,31.7, "NOT LISTED"))))))))))))))))))))) -> 32.2 | K32: =J32*(H32-E32) -> 68.370904 | L32: =IF(OR(B32="P4",B32="P5",B32="EUS3",B32="EUS",B32="EUS2"),1,0.5) -> 0.5 | M32: =IF(L32 = 0.5, 0.78994,IF(L32=1, 1.33, "NOT LISTED")) -> 0.78994 | N32: =$M32^2*3.141592 -> 1.9603698 | O32: =K32*N32 -> 134.03225 | P32: =(J32*(2.5-E32))*N32 -> 134.07076 | Q32: =(999.83952+16.945176*G32-0.00798704*G32^2-0.000046170461*G32^3+0.00000010556302*G32^4-0.00000000028054253*G32^5)/(1+0.01689785*G32) -> 996.52961 | R32: =IF(I32="NA", 101325, I32*133.322368) -> 101325 | S32: 9.8 | T32: =G32+273.15 -> 298.89389 | U32: =(1+((Q32*S32/R32/100)*(1+0.01*K32)))*N32*(293/T32) -> 1.9248318
A33: Harsha | B33: EMB | C33: 2015-06-03 15:55 | D33: 14 | E33: 0.5 | F33: 77.29 | G33: =CONVERT(F33,"F","C") -> 25.161111 | H33: 2.49939 | I33: NA | J33: =IF(D33=1, 32.2,IF(D33=2, 30.8, IF(D33=3, 29.9, IF(D33=4, 29.6, IF(D33=5, 29.9, IF(D33=6, 30.2, IF(D33=7, 30.4, IF(D33=8, 28, IF(D33=9, 32.2, IF(D33=10, 30.1, IF(D33=11, 30.1, IF(D33=12, 29.2, IF(D33=13, 30.8,IF(D33=14,29.3, IF(D33=15,30.2,IF(D33=16, 30.8,IF(D33=17,30.1,IF(D33=18,29.5,IF(D33=19,28.7,IF(D33=20,30.2,IF(D33=21,31.7, "NOT LISTED"))))))))))))))))))))) -> 29.3 | K33: =J33*(H33-E33) -> 58.582127 | L33: =IF(OR(B33="P4",B33="P5",B33="EUS3",B33="EUS",B33="EUS2"),1,0.5) -> 0.5 | M33: =IF(L33 = 0.5, 0.78994,IF(L33=1, 1.33, "NOT LISTED")) -> 0.78994 | N33: =$M33^2*3.141592 -> 1.9603698 | O33: =K33*N33 -> 114.84263 | P33: =(J33*(2.5-E33))*N33 -> 114.87767 | Q33: =(999.83952+16.945176*G33-0.00798704*G33^2-0.000046170461*G33^3+0.00000010556302*G33^4-0.00000000028054253*G33^5)/(1+0.01689785*G33) -> 996.68662 | R33: =IF(I33="NA", 101325, I33*133.322368) -> 101325 | T33: =G33+273.15 -> 298.31111 | U33: =(1+((Q33*S33/R33/100)*(1+0.01*K33)))*N33*(293/T33) -> 1.9254675
A34: Harsha | B34: EUS3 | C34: 2015-06-10 11:03 | D34: 18 | E34: 0.32906 | F34: 68.614 | G34: =CONVERT(F34,"F","C") -> 20.341111 | H34: 2.49939 | I34: NA | J34: =IF(D34=1, 32.2,IF(D34=2, 30.8, IF(D34=3, 29.9, IF(D34=4, 29.6, IF(D34=5, 29.9, IF(D34=6, 30.2, IF(D34=7, 30.4, IF(D34=8, 28, IF(D34=9, 32.2, IF(D34=10, 30.1, IF(D34=11, 30.1, IF(D34=12, 29.2, IF(D34=13, 30.8,IF(D34=14,29.3, IF(D34=15,30.2,IF(D34=16, 30.8,IF(D34=17,30.1,IF(D34=18,29.5,IF(D34=19,28.7,IF(D34=20,30.2,IF(D34=21,31.7, "NOT LISTED"))))))))))))))))))))) -> 29.5 | K34: =J34*(H34-E34) -> 64.024735 | L34: =IF(OR(B34="P4",B34="P5",B34="EUS3",B34="EUS",B34="EUS2"),1,0.5) -> 1 | M34: =IF(L34 = 0.5, 0.78994,IF(L34=1, 1.33, "NOT LISTED")) -> 1.33 | N34: =$M34^2*3.141592 -> 5.5571621 | O34: =K34*N34 -> 355.79583 | P34: =(J34*(2.5-E34))*N34 -> 355.89583 | Q34: =(999.83952+16.945176*G34-0.00798704*G34^2-0.000046170461*G34^3+0.00000010556302*G34^4-0.00000000028054253*G34^5)/(1+0.01689785*G34) -> 997.86114 | R34: =IF(I34="NA", 101325, I34*133.322368) -> 101325 | S34: 9.8 | T34: =G34+273.15 -> 293.49111 | U34: =(1+((Q34*S34/R34/100)*(1+0.01*K34)))*N34*(293/T34) -> 5.5566455
A35: Harsha | B35: EUS | C35: 2015-06-10 13:22 | D35: 16 | E35: 0.28510 | F35: 69.085 | G35: =CONVERT(F35,"F","C") -> 20.602778 | H35: 2.49939 | I35: NA | J35: =IF(D35=1, 32.2,IF(D35=2, 30.8, IF(D35=3, 29.9, IF(D35=4, 29.6, IF(D35=5, 29.9, IF(D35=6, 30.2, IF(D35=7, 30.4, IF(D35=8, 28, IF(D35=9, 32.2, IF(D35=10, 30.1, IF(D35=11, 30.1, IF(D35=12, 29.2, IF(D35=13, 30.8,IF(D35=14,29.3, IF(D35=15,30.2,IF(D35=16, 30.8,IF(D35=17,30.1,IF(D35=18,29.5,IF(D35=19,28.7,IF(D35=20,30.2,IF(D35=21,31.7, "NOT LISTED"))))))))))))))))))))) -> 30.8 | K35: =J35*(H35-E35) -> 68.200132 | L35: =IF(OR(B35="P4",B35="P5",B35="EUS3",B35="EUS",B35="EUS2"),1,0.5) -> 1 | M35: =IF(L35 = 0.5, 0.78994,IF(L35=1, 1.33, "NOT LISTED")) -> 1.33 | N35: =$M35^2*3.141592 -> 5.5571621 | O35: =K35*N35 -> 378.99919 | P35: =(J35*(2.5-E35))*N35 -> 379.1036 | Q35: =(999.83952+16.945176*G35-0.00798704*G35^2-0.000046170461*G35^3+0.00000010556302*G35^4-0.00000000028054253*G35^5)/(1+0.01689785*G35) -> 997.80326 | R35: =IF(I35="NA", 101325, I35*133.322368) -> 101325 | S35: 9.8 | T35: =G35+273.15 -> 293.75278 | U35: =(1+((Q35*S35/R35/100)*(1+0.01*K35)))*N35*(293/T35) -> 5.5519186
A36: Harsha | B36: EUS2 | C36: 2015-06-10 13:46 | D36: 20 | E36: 0.23626 | F36: 76.507 | G36: =CONVERT(F36,"F","C") -> 24.726111 | H36: 2.49939 | I36: NA | J36: =IF(D36=1, 32.2,IF(D36=2, 30.8, IF(D36=3, 29.9, IF(D36=4, 29.6, IF(D36=5, 29.9, IF(D36=6, 30.2, IF(D36=7, 30.4, IF(D36=8, 28, IF(D36=9, 32.2, IF(D36=10, 30.1, IF(D36=11, 30.1, IF(D36=12, 29.2, IF(D36=13, 30.8,IF(D36=14,29.3, IF(D36=15,30.2,IF(D36=16, 30.8,IF(D36=17,30.1,IF(D36=18,29.5,IF(D36=19,28.7,IF(D36=20,30.2,IF(D36=21,31.7, "NOT LISTED"))))))))))))))))))))) -> 30.2 | K36: =J36*(H36-E36) -> 68.346526 | L36: =IF(OR(B36="P4",B36="P5",B36="EUS3",B36="EUS",B36="EUS2"),1,0.5) -> 1 | M36: =IF(L36 = 0.5, 0.78994,IF(L36=1, 1.33, "NOT LISTED")) -> 1.33 | N36: =$M36^2*3.141592 -> 5.5571621 | O36: =K36*N36 -> 379.81272 | P36: =(J36*(2.5-E36))*N36 -> 379.9151 | Q36: =(999.83952+16.945176*G36-0.00798704*G36^2-0.000046170461*G36^3+0.00000010556302*G36^4-0.00000000028054253*G36^5)/(1+0.01689785*G36) -> 996.80177 | R36: =IF(I36="NA", 101325, I36*133.322368) -> 101325 | S36: 9.8 | T36: =G36+273.15 -> 297.87611 | U36: =(1+((Q36*S36/R36/100)*(1+0.01*K36)))*N36*(293/T36) -> 5.4750653
A37: Harsha | B37: ECP | C37: 2015-06-10 15:19 | D37: 21 | E37: 0.71062 | F37: 76.881 | G37: =CONVERT(F37,"F","C") -> 24.933889 | H37: 2.49939 | I37: NA | J37: =IF(D37=1, 32.2,IF(D37=2, 30.8, IF(D37=3, 29.9, IF(D37=4, 29.6, IF(D37=5, 29.9, IF(D37=6, 30.2, IF(D37=7, 30.4, IF(D37=8, 28, IF(D37=9, 32.2, IF(D37=10, 30.1, IF(D37=11, 30.1, IF(D37=12, 29.2, IF(D37=13, 30.8,IF(D37=14,29.3, IF(D37=15,30.2,IF(D37=16, 30.8,IF(D37=17,30.1,IF(D37=18,29.5,IF(D37=19,28.7,IF(D37=20,30.2,IF(D37=21,31.7, "NOT LISTED"))))))))))))))))))))) -> 31.7 | K37: =J37*(H37-E37) -> 56.704009 | L37: =IF(OR(B37="P4",B37="P5",B37="EUS3",B37="EUS",B37="EUS2"),1,0.5) -> 0.5 | M37: =IF(L37 = 0.5, 0.78994,IF(L37=1, 1.33, "NOT LISTED")) -> 0.78994 | N37: =$M37^2*3.141592 -> 1.9603698 | O37: =K37*N37 -> 111.16082 | P37: =(J37*(2.5-E37))*N37 -> 111.19873 | Q37: =(999.83952+16.945176*G37-0.00798704*G37^2-0.000046170461*G37^3+0.00000010556302*G37^4-0.00000000028054253*G37^5)/(1+0.01689785*G37) -> 996.74699 | R37: =IF(I37="NA", 101325, I37*133.322368) -> 101325 | S37: 9.8 | T37: =G37+273.15 -> 298.08389 | U37: =(1+((Q37*S37/R37/100)*(1+0.01*K37)))*N37*(293/T37) -> 1.9298462
A38: Harsha | B38: EEB | C38: 2015-06-10 14:18 | D38: 11 | E38: 0.90537 | F38: 76.158 | G38: =CONVERT(F38,"F","C") -> 24.532222 | H38: 2.49939 | I38: NA | J38: =IF(D38=1, 32.2,IF(D38=2, 30.8, IF(D38=3, 29.9, IF(D38=4, 29.6, IF(D38=5, 29.9, IF(D38=6, 30.2, IF(D38=7, 30.4, IF(D38=8, 28, IF(D38=9, 32.2, IF(D38=10, 30.1, IF(D38=11, 30.1, IF(D38=12, 29.2, IF(D38=13, 30.8,IF(D38=14,29.3, IF(D38=15,30.2,IF(D38=16, 30.8,IF(D38=17,30.1,IF(D38=18,29.5,IF(D38=19,28.7,IF(D38=20,30.2,IF(D38=21,31.7, "NOT LISTED"))))))))))))))))))))) -> 30.1 | K38: =J38*(H38-E38) -> 47.980002 | L38: =IF(OR(B38="P4",B38="P5",B38="EUS3",B38="EUS",B38="EUS2"),1,0.5) -> 0.5 | M38: =IF(L38 = 0.5, 0.78994,IF(L38=1, 1.33, "NOT LISTED")) -> 0.78994 | N38: =$M38^2*3.141592 -> 1.9603698 | O38: =K38*N38 -> 94.058545 | P38: =(J38*(2.5-E38))*N38 -> 94.094539 | Q38: =(999.83952+16.945176*G38-0.00798704*G38^2-0.000046170461*G38^3+0.00000010556302*G38^4-0.00000000028054253*G38^5)/(1+0.01689785*G38) -> 996.85252 | R38: =IF(I38="NA", 101325, I38*133.322368) -> 101325 | S38: 9.8 | T38: =G38+273.15 -> 297.68222 | U38: =(1+((Q38*S38/R38/100)*(1+0.01*K38)))*N38*(293/T38) -> 1.9322882
A39: Harsha | B39: ENN | C39: 2015-06-10 10:12 | D39: 3 | E39: 0.69109 | F39: 77.902 | G39: =CONVERT(F39,"F","C") -> 25.501111 | H39: 2.49939 | I39: NA | J39: =IF(D39=1, 32.2,IF(D39=2, 30.8, IF(D39=3, 29.9, IF(D39=4, 29.6, IF(D39=5, 29.9, IF(D39=6, 30.2, IF(D39=7, 30.4, IF(D39=8, 28, IF(D39=9, 32.2, IF(D39=10, 30.1, IF(D39=11, 30.1, IF(D39=12, 29.2, IF(D39=13, 30.8,IF(D39=14,29.3, IF(D39=15,30.2,IF(D39=16, 30.8,IF(D39=17,30.1,IF(D39=18,29.5,IF(D39=19,28.7,IF(D39=20,30.2,IF(D39=21,31.7, "NOT LISTED"))))))))))))))))))))) -> 29.9 | K39: =J39*(H39-E39) -> 54.06817 | L39: =IF(OR(B39="P4",B39="P5",B39="EUS3",B39="EUS",B39="EUS2"),1,0.5) -> 0.5 | M39: =IF(L39 = 0.5, 0.78994,IF(L39=1, 1.33, "NOT LISTED")) -> 0.78994 | N39: =$M39^2*3.141592 -> 1.9603698 | O39: =K39*N39 -> 105.99361 | P39: =(J39*(2.5-E39))*N39 -> 106.02936 | Q39: =(999.83952+16.945176*G39-0.00798704*G39^2-0.000046170461*G39^3+0.00000010556302*G39^4-0.00000000028054253*G39^5)/(1+0.01689785*G39) -> 996.5954 | R39: =IF(I39="NA", 101325, I39*133.322368) -> 101325 | S39: 9.8 | T39: =G39+273.15 -> 298.65111 | U39: =(1+((Q39*S39/R39/100)*(1+0.01*K39)))*N39*(293/T39) -> 1.9261316
A40: CJ Brown | B40: P3 | C40: 2015-06-24 13:25 | D40: 6 | E40: 0.17643 | F40: 74.727 | G40: =CONVERT(F40,"F","C") -> 23.737222 | H40: 2.49939 | I40: NA | J40: =IF(D40=1, 32.2,IF(D40=2, 30.8, IF(D40=3, 29.9, IF(D40=4, 29.6, IF(D40=5, 29.9, IF(D40=6, 30.2, IF(D40=7, 30.4, IF(D40=8, 28, IF(D40=9, 32.2, IF(D40=10, 30.1, IF(D40=11, 30.1, IF(D40=12, 29.2, IF(D40=13, 30.8,IF(D40=14,29.3, IF(D40=15,30.2,IF(D40=16, 30.8,IF(D40=17,30.1,IF(D40=18,29.5,IF(D40=19,28.7,IF(D40=20,30.2,IF(D40=21,31.7, "NOT LISTED"))))))))))))))))))))) -> 30.2 | K40: =J40*(H40-E40) -> 70.153392 | L40: =IF(OR(B40="P4",B40="P5",B40="EUS3",B40="EUS",B40="EUS2"),1,0.5) -> 0.5 | M40: =IF(L40 = 0.5, 0.78994,IF(L40=1, 1.33, "NOT LISTED")) -> 0.78994 | N40: =$M40^2*3.141592 -> 1.9603698 | O40: =K40*N40 -> 137.52659 | P40: =(J40*(2.5-E40))*N40 -> 137.5627 | Q40: =(999.83952+16.945176*G40-0.00798704*G40^2-0.000046170461*G40^3+0.00000010556302*G40^4-0.00000000028054253*G40^5)/(1+0.01689785*G40) -> 997.05693 | R40: =IF(I40="NA", 101325, I40*133.322368) -> 101325 | S40: 9.8 | T40: =G40+273.15 -> 296.88722 | U40: =(1+((Q40*S40/R40/100)*(1+0.01*K40)))*N40*(293/T40) -> 1.9378767
A41: CJ Brown | B41: P1 | C41: 2015-06-24 14:21 | D41: 8 | E41: 0.43040 | F41: 74.511 | G41: =CONVERT(F41,"F","C") -> 23.617222 | H41: 2.49939 | I41: NA | J41: =IF(D41=1, 32.2,IF(D41=2, 30.8, IF(D41=3, 29.9, IF(D41=4, 29.6, IF(D41=5, 29.9, IF(D41=6, 30.2, IF(D41=7, 30.4, IF(D41=8, 28, IF(D41=9, 32.2, IF(D41=10, 30.1, IF(D41=11, 30.1, IF(D41=12, 29.2, IF(D41=13, 30.8,IF(D41=14,29.3, IF(D41=15,30.2,IF(D41=16, 30.8,IF(D41=17,30.1,IF(D41=18,29.5,IF(D41=19,28.7,IF(D41=20,30.2,IF(D41=21,31.7, "NOT LISTED"))))))))))))))))))))) -> 28 | K41: =J41*(H41-E41) -> 57.93172 | L41: =IF(OR(B41="P4",B41="P5",B41="EUS3",B41="EUS",B41="EUS2"),1,0.5) -> 0.5 | M41: =IF(L41 = 0.5, 0.78994,IF(L41=1, 1.33, "NOT LISTED")) -> 0.78994 | N41: =$M41^2*3.141592 -> 1.9603698 | O41: =K41*N41 -> 113.56759 | P41: =(J41*(2.5-E41))*N41 -> 113.60107 | Q41: =(999.83952+16.945176*G41-0.00798704*G41^2-0.000046170461*G41^3+0.00000010556302*G41^4-0.00000000028054253*G41^5)/(1+0.01689785*G41) -> 997.08726 | R41: =IF(I41="NA", 101325, I41*133.322368) -> 101325 | S41: 9.8 | T41: =G41+273.15 -> 296.76722 | U41: =(1+((Q41*S41/R41/100)*(1+0.01*K41)))*N41*(293/T41) -> 1.9384323
A42: CJ Brown | B42: P4 | C42: 2015-06-24 16:39 | D42: 10 | E42: 0.21734 | F42: 66.087 | G42: =CONVERT(F42,"F","C") -> 18.937222 | H42: 2.49939 | I42: NA | J42: =IF(D42=1, 32.2,IF(D42=2, 30.8, IF(D42=3, 29.9, IF(D42=4, 29.6, IF(D42=5, 29.9, IF(D42=6, 30.2, IF(D42=7, 30.4, IF(D42=8, 28, IF(D42=9, 32.2, IF(D42=10, 30.1, IF(D42=11, 30.1, IF(D42=12, 29.2, IF(D42=13, 30.8,IF(D42=14,29.3, IF(D42=15,30.2,IF(D42=16, 30.8,IF(D42=17,30.1,IF(D42=18,29.5,IF(D42=19,28.7,IF(D42=20,30.2,IF(D42=21,31.7, "NOT LISTED"))))))))))))))))))))) -> 30.1 | K42: =J42*(H42-E42) -> 68.689705 | L42: =IF(OR(B42="P4",B42="P5",B42="EUS3",B42="EUS",B42="EUS2"),1,0.5) -> 1 | M42: =IF(L42 = 0.5, 0.78994,IF(L42=1, 1.33, "NOT LISTED")) -> 1.33 | N42: =$M42^2*3.141592 -> 5.5571621 | O42: =K42*N42 -> 381.71982 | P42: =(J42*(2.5-E42))*N42 -> 381.82186 | Q42: =(999.83952+16.945176*G42-0.00798704*G42^2-0.000046170461*G42^3+0.00000010556302*G42^4-0.00000000028054253*G42^5)/(1+0.01689785*G42) -> 998.15968 | R42: =IF(I42="NA", 101325, I42*133.322368) -> 101325 | S42: 9.8 | T42: =G42+273.15 -> 292.08722 | U42: =(1+((Q42*S42/R42/100)*(1+0.01*K42)))*N42*(293/T42) -> 5.5836067
A43: Harsha | B43: EUS3 | C43: 2015-07-01 11:09 | D43: 18 | E43: 0.39316 | F43: 82.175 | G43: =CONVERT(F43,"F","C") -> 27.875 | H43: 2.49939 | I43: NA | J43: =IF(D43=1, 32.2,IF(D43=2, 30.8, IF(D43=3, 29.9, IF(D43=4, 29.6, IF(D43=5, 29.9, IF(D43=6, 30.2, IF(D43=7, 30.4, IF(D43=8, 28, IF(D43=9, 32.2, IF(D43=10, 30.1, IF(D43=11, 30.1, IF(D43=12, 29.2, IF(D43=13, 30.8,IF(D43=14,29.3, IF(D43=15,30.2,IF(D43=16, 30.8,IF(D43=17,30.1,IF(D43=18,29.5,IF(D43=19,28.7,IF(D43=20,30.2,IF(D43=21,31.7, "NOT LISTED"))))))))))))))))))))) -> 29.5 | K43: =J43*(H43-E43) -> 62.133785 | L43: =IF(OR(B43="P4",B43="P5",B43="EUS3",B43="EUS",B43="EUS2"),1,0.5) -> 1 | M43: =IF(L43 = 0.5, 0.78994,IF(L43=1, 1.33, "NOT LISTED")) -> 1.33 | N43: =$M43^2*3.141592 -> 5.5571621 | O43: =K43*N43 -> 345.28751 | P43: =(J43*(2.5-E43))*N43 -> 345.38752 | Q43: =(999.83952+16.945176*G43-0.00798704*G43^2-0.000046170461*G43^3+0.00000010556302*G43^4-0.00000000028054253*G43^5)/(1+0.01689785*G43) -> 995.92915 | R43: =IF(I43="NA", 101325, I43*133.322368) -> 101325 | S43: 9.8 | T43: =G43+273.15 -> 301.025 | U43: =(1+((Q43*S43/R43/100)*(1+0.01*K43)))*N43*(293/T43) -> 5.4174617
A44: Harsha | B44: EUS | C44: 2015-07-01 11:51 | D44: 16 | E44: 0.34799 | F44: 73.170 | G44: =CONVERT(F44,"F","C") -> 22.872222 | H44: 2.49939 | I44: NA | J44: =IF(D44=1, 32.2,IF(D44=2, 30.8, IF(D44=3, 29.9, IF(D44=4, 29.6, IF(D44=5, 29.9, IF(D44=6, 30.2, IF(D44=7, 30.4, IF(D44=8, 28, IF(D44=9, 32.2, IF(D44=10, 30.1, IF(D44=11, 30.1, IF(D44=12, 29.2, IF(D44=13, 30.8,IF(D44=14,29.3, IF(D44=15,30.2,IF(D44=16, 30.8,IF(D44=17,30.1,IF(D44=18,29.5,IF(D44=19,28.7,IF(D44=20,30.2,IF(D44=21,31.7, "NOT LISTED"))))))))))))))))))))) -> 30.8 | K44: =J44*(H44-E44) -> 66.26312 | L44: =IF(OR(B44="P4",B44="P5",B44="EUS3",B44="EUS",B44="EUS2"),1,0.5) -> 1 | M44: =IF(L44 = 0.5, 0.78994,IF(L44=1, 1.33, "NOT LISTED")) -> 1.33 | N44: =$M44^2*3.141592 -> 5.5571621 | O44: =K44*N44 -> 368.2349 | P44: =(J44*(2.5-E44))*N44 -> 368.33931 | Q44: =(999.83952+16.945176*G44-0.00798704*G44^2-0.000046170461*G44^3+0.00000010556302*G44^4-0.00000000028054253*G44^5)/(1+0.01689785*G44) -> 997.27249 | R44: =IF(I44="NA", 101325, I44*133.322368) -> 101325 | S44: 9.8 | T44: =G44+273.15 -> 296.02222 | U44: =(1+((Q44*S44/R44/100)*(1+0.01*K44)))*N44*(293/T44) -> 5.5092475
A45: Harsha | B45: EUS2 | C45: 2015-07-01 13:17 | D45: 20 | E45: 0.26679 | F45: 79.435 | G45: =CONVERT(F45,"F","C") -> 26.352778 | H45: 2.49939 | I45: NA | J45: =IF(D45=1, 32.2,IF(D45=2, 30.8, IF(D45=3, 29.9, IF(D45=4, 29.6, IF(D45=5, 29.9, IF(D45=6, 30.2, IF(D45=7, 30.4, IF(D45=8, 28, IF(D45=9, 32.2, IF(D45=10, 30.1, IF(D45=11, 30.1, IF(D45=12, 29.2, IF(D45=13, 30.8,IF(D45=14,29.3, IF(D45=15,30.2,IF(D45=16, 30.8,IF(D45=17,30.1,IF(D45=18,29.5,IF(D45=19,28.7,IF(D45=20,30.2,IF(D45=21,31.7, "NOT LISTED"))))))))))))))))))))) -> 30.2 | K45: =J45*(H45-E45) -> 67.42452 | L45: =IF(OR(B45="P4",B45="P5",B45="EUS3",B45="EUS",B45="EUS2"),1,0.5) -> 1 | M45: =IF(L45 = 0.5, 0.78994,IF(L45=1, 1.33, "NOT LISTED")) -> 1.33 | N45: =$M45^2*3.141592 -> 5.5571621 | O45: =K45*N45 -> 374.68899 | P45: =(J45*(2.5-E45))*N45 -> 374.79136 | Q45: =(999.83952+16.945176*G45-0.00798704*G45^2-0.000046170461*G45^3+0.00000010556302*G45^4-0.00000000028054253*G45^5)/(1+0.01689785*G45) -> 996.36223 | R45: =IF(I45="NA", 101325, I45*133.322368) -> 101325 | S45: 9.8 | T45: =G45+273.15 -> 299.50278 | U45: =(1+((Q45*S45/R45/100)*(1+0.01*K45)))*N45*(293/T45) -> 5.4452768
... A48: Harsha | B48: EEB | C48: 2015-07-01 14:32 | D48: 11 | E48: 0.29731 | F48: 81.421 | G48: =CONVERT(F48,"F","C") -> 27.456111 | H48: 2.49939 | I48: NA | J48: =IF(D48=1, 32.2,IF(D48=2, 30.8, IF(D48=3, 29.9, IF(D48=4, 29.6, IF(D48=5, 29.9, IF(D48=6, 30.2, IF(D48=7, 30.4, IF(D48=8, 28, IF(D48=9, 32.2, IF(D48=10, 30.1, IF(D48=11, 30.1, IF(D48=12, 29.2, IF(D48=13, 30.8,IF(D48=14,29.3, IF(D48=15,30.2,IF(D48=16, 30.8,IF(D48=17,30.1,IF(D48=18,29.5,IF(D48=19,28.7,IF(D48=20,30.2,IF(D48=21,31.7, "NOT LISTED"))))))))))))))))))))) -> 30.1 | K48: =J48*(H48-E48) -> 66.282608 | L48: =IF(OR(B48="P4",B48="P5",B48="EUS3",B48="EUS",B48="EUS2"),1,0.5) -> 0.5 | M48: =IF(L48 = 0.5, 0.78994,IF(L48=1, 1.33, "NOT LISTED")) -> 0.78994 | N48: =$M48^2*3.141592 -> 1.9603698 | O48: =K48*N48 -> 129.93842 | P48: =(J48*(2.5-E48))*N48 -> 129.97441 | Q48: =(999.83952+16.945176*G48-0.00798704*G48^2-0.000046170461*G48^3+0.00000010556302*G48^4-0.00000000028054253*G48^5)/(1+0.01689785*G48) -> 996.05039 | R48: =IF(I48="NA", 101325, I48*133.322368) -> 101325 | S48: 9.8 | T48: =G48+273.15 -> 300.60611 | U48: =(1+((Q48*S48/R48/100)*(1+0.01*K48)))*N48*(293/T48) -> 1.9138282
A49: Harsha | B49: EMB | C49: 2015-07-01 15:35 | D49: 14 | E49: 0.73138 | F49: 79.567 | G49: =CONVERT(F49,"F","C") -> 26.426111 | H49: 2.49939 | I49: NA | J49: =IF(D49=1, 32.2,IF(D49=2, 30.8, IF(D49=3, 29.9, IF(D49=4, 29.6, IF(D49=5, 29.9, IF(D49=6, 30.2, IF(D49=7, 30.4, IF(D49=8, 28, IF(D49=9, 32.2, IF(D49=10, 30.1, IF(D49=11, 30.1, IF(D49=12, 29.2, IF(D49=13, 30.8,IF(D49=14,29.3, IF(D49=15,30.2,IF(D49=16, 30.8,IF(D49=17,30.1,IF(D49=18,29.5,IF(D49=19,28.7,IF(D49=20,30.2,IF(D49=21,31.7, "NOT LISTED"))))))))))))))))))))) -> 29.3 | K49: =J49*(H49-E49) -> 51.802693 | L49: =IF(OR(B49="P4",B49="P5",B49="EUS3",B49="EUS",B49="EUS2"),1,0.5) -> 0.5 | M49: =IF(L49 = 0.5, 0.78994,IF(L49=1, 1.33, "NOT LISTED")) -> 0.78994 | N49: =$M49^2*3.141592 -> 1.9603698 | O49: =K49*N49 -> 101.55243 | P49: =(J49*(2.5-E49))*N49 -> 101.58747 | Q49: =(999.83952+16.945176*G49-0.00798704*G49^2-0.000046170461*G49^3+0.00000010556302*G49^4-0.00000000028054253*G49^5)/(1+0.01689785*G49) -> 996.34184 | R49: =IF(I49="NA", 101325, I49*133.322368) -> 101325 | T49: =G49+273.15 -> 299.57611 | U49: =(1+((Q49*S49/R49/100)*(1+0.01*K49)))*N49*(293/T49) -> 1.9173369
A50: Harsha | B50: EFL | C50: 2015-07-06 15:20 | D50: 9 | E50: 0.39316 | F50: 81.111 | G50: =CONVERT(F50,"F","C") -> 27.283889 | H50: 1.25641 | I50: NA | J50: =IF(D50=1, 32.2,IF(D50=2, 30.8, IF(D50=3, 29.9, IF(D50=4, 29.6, IF(D50=5, 29.9, IF(D50=6, 30.2, IF(D50=7, 30.4, IF(D50=8, 28, IF(D50=9, 32.2, IF(D50=10, 30.1, IF(D50=11, 30.1, IF(D50=12, 29.2, IF(D50=13, 30.8,IF(D50=14,29.3, IF(D50=15,30.2,IF(D50=16, 30.8,IF(D50=17,30.1,IF(D50=18,29.5,IF(D50=19,28.7,IF(D50=20,30.2,IF(D50=21,31.7, "NOT LISTED"))))))))))))))))))))) -> 32.2 | K50: =J50*(H50-E50) -> 27.79665 | L50: =IF(OR(B50="P4",B50="P5",B50="EUS3",B50="EUS",B50="EUS2"),1,0.5) -> 0.5 | M50: =IF(L50 = 0.5, 0.78994,IF(L50=1, 1.33, "NOT LISTED")) -> 0.78994 | N50: =$M50^2*3.141592 -> 1.9603698 | O50: =K50*N50 -> 54.491712 | P50: =(J50*(2.5-E50))*N50 -> 132.99197 | Q50: =(999.83952+16.945176*G50-0.00798704*G50^2-0.000046170461*G50^3+0.00000010556302*G50^4-0.00000000028054253*G50^5)/(1+0.01689785*G50) -> 996.09979 | R50: =IF(I50="NA", 101325, I50*133.322368) -> 101325 | S50: 9.8 | T50: =G50+273.15 -> 300.43389 | U50: =(1+((Q50*S50/R50/100)*(1+0.01*K50)))*N50*(293/T50) -> 1.9142166
A51: Harsha | B51: EMB | C51: 2015-07-06 15:55 | D51: 14 | E51: 0.55678 | F51: 78.559 | G51: =CONVERT(F51,"F","C") -> 25.866111 | H51: 2.49939 | I51: NA | J51: =IF(D51=1, 32.2,IF(D51=2, 30.8, IF(D51=3, 29.9, IF(D51=4, 29.6, IF(D51=5, 29.9, IF(D51=6, 30.2, IF(D51=7, 30.4, IF(D51=8, 28, IF(D51=9, 32.2, IF(D51=10, 30.1, IF(D51=11, 30.1, IF(D51=12, 29.2, IF(D51=13, 30.8,IF(D51=14,29.3, IF(D51=15,30.2,IF(D51=16, 30.8,IF(D51=17,30.1,IF(D51=18,29.5,IF(D51=19,28.7,IF(D51=20,30.2,IF(D51=21,31.7, "NOT LISTED"))))))))))))))))))))) -> 29.3 | K51: =J51*(H51-E51) -> 56.918473 | L51: =IF(OR(B51="P4",B51="P5",B51="EUS3",B51="EUS",B51="EUS2"),1,0.5) -> 0.5 | M51: =IF(L51 = 0.5, 0.78994,IF(L51=1, 1.33, "NOT LISTED")) -> 0.78994 | N51: =$M51^2*3.141592 -> 1.9603698 | O51: =K51*N51 -> 111.58125 | P51: =(J51*(2.5-E51))*N51 -> 111.61629 | Q51: =(999.83952+16.945176*G51-0.00798704*G51^2-0.000046170461*G51^3+0.00000010556302*G51^4-0.00000000028054253*G51^5)/(1+0.01689785*G51) -> 996.49628 | R51: =IF(I51="NA", 101325, I51*133.322368) -> 101325 | S51: 9.8 | T51: =G51+273.15 -> 299.01611 | U51: =(1+((Q51*S51/R51/100)*(1+0.01*K51)))*N51*(293/T51) -> 1.9238329
A52: Harsha | B52: EOF | C52: 2015-07-06 14:20 | D52: 4 | E52: 0.46215 | F52: 80.757 | G52: =CONVERT(F52,"F","C") -> 27.087222 | H52: 2.49939 | I52: NA | J52: =IF(D52=1, 32.2,IF(D52=2, 30.8, IF(D52=3, 29.9, IF(D52=4, 29.6, IF(D52=5, 29.9, IF(D52=6, 30.2, IF(D52=7, 30.4, IF(D52=8, 28, IF(D52=9, 32.2, IF(D52=10, 30.1, IF(D52=11, 30.1, IF(D52=12, 29.2, IF(D52=13, 30.8,IF(D52=14,29.3, IF(D52=15,30.2,IF(D52=16, 30.8,IF(D52=17,30.1,IF(D52=18,29.5,IF(D52=19,28.7,IF(D52=20,30.2,IF(D52=21,31.7, "NOT LISTED"))))))))))))))))))))) -> 29.6 | K52: =J52*(H52-E52) -> 60.302304 | L52: =IF(OR(B52="P4",B52="P5",B52="EUS3",B52="EUS",B52="EUS2"),1,0.5) -> 0.5 | M52: =IF(L52 = 0.5, 0.78994,IF(L52=1, 1.33, "NOT LISTED")) -> 0.78994 | N52: =$M52^2*3.141592 -> 1.9603698 | O52: =K52*N52 -> 118.21481 | P52: =(J52*(2.5-E52))*N52 -> 118.25021 | Q52: =(999.83952+16.945176*G52-0.00798704*G52^2-0.000046170461*G52^3+0.00000010556302*G52^4-0.00000000028054253*G52^5)/(1+0.01689785*G52) -> 996.15587 | R52: =IF(I52="NA", 101325, I52*133.322368) -> 101325 | S52: 9.8 | T52: =G52+273.15 -> 300.23722 | U52: =(1+((Q52*S52/R52/100)*(1+0.01*K52)))*N52*(293/T52) -> 1.9160697
A53: Harsha | B53: ECP | C53: 2015-07-15 14:15 | D53: 21 | E53: 0.80647 | F53: 81.199 | G53: =CONVERT(F53,"F","C") -> 27.332778 | H53: 2.49939 | I53: NA | J53: =IF(D53=1, 32.2,IF(D53=2, 30.8, IF(D53=3, 29.9, IF(D53=4, 29.6, IF(D53=5, 29.9, IF(D53=6, 30.2, IF(D53=7, 30.4, IF(D53=8, 28, IF(D53=9, 32.2, IF(D53=10, 30.1, IF(D53=11, 30.1, IF(D53=12, 29.2, IF(D53=13, 30.8,IF(D53=14,29.3, IF(D53=15,30.2,IF(D53=16, 30.8,IF(D53=17,30.1,IF(D53=18,29.5,IF(D53=19,28.7,IF(D53=20,30.2,IF(D53=21,31.7, "NOT LISTED"))))))))))))))))))))) -> 31.7 | K53: =J53*(H53-E53) -> 53.665564 | L53: =IF(OR(B53="P4",B53="P5",B53="EUS3",B53="EUS",B53="EUS2"),1,0.5) -> 0.5 | M53: =IF(L53 = 0.5, 0.78994,IF(L53=1, 1.33, "NOT LISTED")) -> 0.78994 | N53: =$M53^2*3.141592 -> 1.9603698 | O53: =K53*N53 -> 105.20435 | P53: =(J53*(2.5-E53))*N53 -> 105.24226 | Q53: =(999.83952+16.945176*G53-0.00798704*G53^2-0.000046170461*G53^3+0.00000010556302*G53^4-0.00000000028054253*G53^5)/(1+0.01689785*G53) -> 996.08579 | R53: =IF(I53="NA", 101325, I53*133.322368) -> 101325 | S53: 9.8 | T53: =G53+273.15 -> 300.48278 | U53: =(1+((Q53*S53/R53/100)*(1+0.01*K53)))*N53*(293/T53) -> 1.9143815
A54: Harsha | B54: EMB | C54: 2015-07-15 15:26 | D54: 14 | E54: 0.64713 | F54: 81.997 | G54: =CONVERT(F54,"F","C") -> 27.776111 | H54: 2.49939 | I54: NA | J54: =IF(D54=1, 32.2,IF(D54=2, 30.8, IF(D54=3, 29.9, IF(D54=4, 29.6, IF(D54=5, 29.9, IF(D54=6, 30.2, IF(D54=7, 30.4, IF(D54=8, 28, IF(D54=9, 32.2, IF(D54=10, 30.1, IF(D54=11, 30.1, IF(D54=12, 29.2, IF(D54=13, 30.8,IF(D54=14,29.3, IF(D54=15,30.2,IF(D54=16, 30.8,IF(D54=17,30.1,IF(D54=18,29.5,IF(D54=19,28.7,IF(D54=20,30.2,IF(D54=21,31.7, "NOT LISTED"))))))))))))))))))))) -> 29.3 | K54: =J54*(H54-E54) -> 54.271218 | L54: =IF(OR(B54="P4",B54="P5",B54="EUS3",B54="EUS",B54="EUS2"),1,0.5) -> 0.5 | M54: =IF(L54 = 0.5, 0.78994,IF(L54=1, 1.33, "NOT LISTED")) -> 0.78994 | N54: =$M54^2*3.141592 -> 1.9603698 | O54: =K54*N54 -> 106.39165 | P54: =(J54*(2.5-E54))*N54 -> 106.42669 | Q54: =(999.83952+16.945176*G54-0.00798704*G54^2-0.000046170461*G54^3+0.00000010556302*G54^4-0.00000000028054253*G54^5)/(1+0.01689785*G54) -> 995.95791 | R54: =IF(I54="NA", 101325, I54*133.322368) -> 101325 | S54: 9.8 | T54: =G54+273.15 -> 300.92611 | U54: =(1+((Q54*S54/R54/100)*(1+0.01*K54)))*N54*(293/T54) -> 1.9115719
A55: Harsha | B55: ENN | C55: 2015-07-15 13:19 | D55: 3 | E55: 0.67827 | F55: 80.890 | G55: =CONVERT(F55,"F","C") -> 27.161111 | H55: 2.49939 | I55: NA | J55: =IF(D55=1, 32.2,IF(D55=2, 30.8, IF(D55=3, 29.9, IF(D55=4, 29.6, IF(D55=5, 29.9, IF(D55=6, 30.2, IF(D55=7, 30.4, IF(D55=8, 28, IF(D55=9, 32.2, IF(D55=10, 30.1, IF(D55=11, 30.1, IF(D55=12, 29.2, IF(D55=13, 30.8,IF(D55=14,29.3, IF(D55=15,30.2,IF(D55=16, 30.8,IF(D55=17,30.1,IF(D55=18,29.5,IF(D55=19,28.7,IF(D55=20,30.2,IF(D55=21,31.7, "NOT LISTED"))))))))))))))))))))) -> 29.9 | K55: =J55*(H55-E55) -> 54.451488 | L55: =IF(OR(B55="P4",B55="P5",B55="EUS3",B55="EUS",B55="EUS2"),1,0.5) -> 0.5 | M55: =IF(L55 = 0.5, 0.78994,IF(L55=1, 1.33, "NOT LISTED")) -> 0.78994 | N55: =$M55^2*3.141592 -> 1.9603698 | O55: =K55*N55 -> 106.74505 | P55: =(J55*(2.5-E55))*N55 -> 106.78081 | Q55: =(999.83952+16.945176*G55-0.00798704*G55^2-0.000046170461*G55^3+0.00000010556302*G55^4-0.00000000028054253*G55^5)/(1+0.01689785*G55) -> 996.13484 | R55: =IF(I55="NA", 101325, I55*133.322368) -> 101325 | S55: 9.8 | T55: =G55+273.15 -> 300.31111 | U55: =(1+((Q55*S55/R55/100)*(1+0.01*K55)))*N55*(293/T55) -> 1.9154904
A56: Harsha | B56: EUS | C56: 2015-07-15 12:00 | D56: 16 | E56: 0.55067 | F56: 82.308 | G56: =CONVERT(F56,"F","C") -> 27.948889 | H56: NA | I56: NA | J56: =IF(D56=1, 32.2,IF(D56=2, 30.8, IF(D56=3, 29.9, IF(D56=4, 29.6, IF(D56=5, 29.9, IF(D56=6, 30.2, IF(D56=7, 30.4, IF(D56=8, 28, IF(D56=9, 32.2, IF(D56=10, 30.1, IF(D56=11, 30.1, IF(D56=12, 29.2, IF(D56=13, 30.8,IF(D56=14,29.3, IF(D56=15,30.2,IF(D56=16, 30.8,IF(D56=17,30.1,IF(D56=18,29.5,IF(D56=19,28.7,IF(D56=20,30.2,IF(D56=21,31.7, "NOT LISTED"))))))))))))))))))))) -> 30.8 | K56: NA | L56: =IF(OR(B56="P4",B56="P5",B56="EUS3",B56="EUS",B56="EUS2"),1,0.5) -> 1 | M56: =IF(L56 = 0.5, 0.78994,IF(L56=1, 1.33, "NOT LISTED")) -> 1.33 | N56: =$M56^2*3.141592 -> 5.5571621 | O56: NA | P56: NA | Q56: =(999.83952+16.945176*G56-0.00798704*G56^2-0.000046170461*G56^3+0.00000010556302*G56^4-0.00000000028054253*G56^5)/(1+0.01689785*G56) -> 995.9076 | R56: =IF(I56="NA", 101325, I56*133.322368) -> 101325 | S56: 9.8 | T56: =G56+273.15 -> 301.09889 | U56: NA
A57: Harsha | B57: EOF | C57: 2015-07-16 14:42 | D57: 4 | G57: =CONVERT(F57,"F","C") -> -17.777778 | I57: NA | J57: =IF(D57=1, 32.2,IF(D57=2, 30.8, IF(D57=3, 29.9, IF(D57=4, 29.6, IF(D57=5, 29.9, IF(D57=6, 30.2, IF(D57=7, 30.4, IF(D57=8, 28, IF(D57=9, 32.2, IF(D57=10, 30.1, IF(D57=11, 30.1, IF(D57=12, 29.2, IF(D57=13, 30.8,IF(D57=14,29.3, IF(D57=15,30.2,IF(D57=16, 30.8,IF(D57=17,30.1,IF(D57=18,29.5,IF(D57=19,28.7,IF(D57=20,30.2,IF(D57=21,31.7, "NOT LISTED"))))))))))))))))))))) -> 29.6 | K57: =J57*(H57-E57) -> 0 | L57: =IF(OR(B57="P4",B57="P5",B57="EUS3",B57="EUS",B57="EUS2"),1,0.5) -> 0.5 | M57: =IF(L57 = 0.5, 0.78994,IF(L57=1, 1.33, "NOT LISTED")) -> 0.78994 | N57: =$M57^2*3.141592 -> 1.9603698 | O57: =K57*N57 -> 0 | P57: =(J57*(2.5-E57))*N57 -> 145.06736 | Q57: =(999.83952+16.945176*G57-0.00798704*G57^2-0.000046170461*G57^3+0.00000010556302*G57^4-0.00000000028054253*G57^5)/(1+0.01689785*G57) -> 995.34634 | R57: =IF(I57="NA", 101325, I57*133.322368) -> 101325 | S57: 9.8 | T57: =G57+273.15 -> 255.37222 | U57: =(1+((Q57*S57/R57/100)*(1+0.01*K57)))*N57*(293/T57) -> 2.2513854
A58: Harsha | B58: EFL | C58: 2015-07-16 13:33 | D58: 9 | E58: 0.47863 | F58: 80.625 | G58: =CONVERT(F58,"F","C") -> 27.013889 | H58: 2.49939 | I58: NA | J58: =IF(D58=1, 32.2,IF(D58=2, 30.8, IF(D58=3, 29.9, IF(D58=4, 29.6, IF(D58=5, 29.9, IF(D58=6, 30.2, IF(D58=7, 30.4, IF(D58=8, 28, IF(D58=9, 32.2, IF(D58=10, 30.1, IF(D58=11, 30.1, IF(D58=12, 29.2, IF(D58=13, 30.8,IF(D58=14,29.3, IF(D58=15,30.2,IF(D58=16, 30.8,IF(D58=17,30.1,IF(D58=18,29.5,IF(D58=19,28.7,IF(D58=20,30.2,IF(D58=21,31.7, "NOT LISTED"))))))))))))))))))))) -> 32.2 | K58: =J58*(H58-E58) -> 65.068472 | L58: =IF(OR(B58="P4",B58="P5",B58="EUS3",B58="EUS",B58="EUS2"),1,0.5) -> 0.5 | M58: =IF(L58 = 0.5, 0.78994,IF(L58=1, 1.33, "NOT LISTED")) -> 0.78994 | N58: =$M58^2*3.141592 -> 1.9603698 | O58: =K58*N58 -> 127.55826 | P58: =(J58*(2.5-E58))*N58 -> 127.59677 | Q58: =(999.83952+16.945176*G58-0.00798704*G58^2-0.000046170461*G58^3+0.00000010556302*G58^4-0.00000000028054253*G58^5)/(1+0.01689785*G58) -> 996.17669 | R58: =IF(I58="NA", 101325, I58*133.322368) -> 101325 | S58: 9.8 | T58: =G58+273.15 -> 300.16389 | U58: =(1+((Q58*S58/R58/100)*(1+0.01*K58)))*N58*(293/T58) -> 1.9166258
A59: Harsha | B59: EUS2 | C59: 2015-07-16 11:55 | D59: 20 | E59: 0.28877 | F59: 81.333 | G59: =CONVERT(F59,"F","C") -> 27.407222 | H59: 2.49939 | I59: NA | J59: =IF(D59=1, 32.2,IF(D59=2, 30.8, IF(D59=3, 29.9, IF(D59=4, 29.6, IF(D59=5, 29.9, IF(D59=6, 30.2, IF(D59=7, 30.4, IF(D59=8, 28, IF(D59=9, 32.2, IF(D59=10, 30.1, IF(D59=11, 30.1, IF(D59=12, 29.2, IF(D59=13, 30.8,IF(D59=14,29.3, IF(D59=15,30.2,IF(D59=16, 30.8,IF(D59=17,30.1,IF(D59=18,29.5,IF(D59=19,28.7,IF(D59=20,30.2,IF(D59=21,31.7, "NOT LISTED"))))))))))))))))))))) -> 30.2 | K59: =J59*(H59-E59) -> 66.760724 | L59: =IF(OR(B59="P4",B59="P5",B59="EUS3",B59="EUS",B59="EUS2"),1,0.5) -> 1 | M59: =IF(L59 = 0.5, 0.78994,IF(L59=1, 1.33, "NOT LISTED")) -> 1.33 | N59: =$M59^2*3.141592 -> 5.5571621 | O59: =K59*N59 -> 371.00016 | P59: =(J59*(2.5-E59))*N59 -> 371.10254 | Q59: =(999.83952+16.945176*G59-0.00798704*G59^2-0.000046170461*G59^3+0.00000010556302*G59^4-0.00000000028054253*G59^5)/(1+0.01689785*G59) -> 996.06444 | R59: =IF(I59="NA", 101325, I59*133.322368) -> 101325 | S59: 9.8 | T59: =G59+273.15 -> 300.55722 | U59: =(1+((Q59*S59/R59/100)*(1+0.01*K59)))*N59*(293/T59) -> 5.4261359
A60: Harsha | B60: ECP | C60: 2015-07-22 14:35 | D60: 21 | E60: 0.75580 | F60: 82.931 | G60: =CONVERT(F60,"F","C") -> 28.295 | H60: 2.49939 | I60: NA | J60: =IF(D60=1, 32.2,IF(D60=2, 30.8, IF(D60=3, 29.9, IF(D60=4, 29.6, IF(D60=5, 29.9, IF(D60=6, 30.2, IF(D60=7, 30.4, IF(D60=8, 28, IF(D60=9, 32.2, IF(D60=10, 30.1, IF(D60=11, 30.1, IF(D60=12, 29.2, IF(D60=13, 30.8,IF(D60=14,29.3, IF(D60=15,30.2,IF(D60=16, 30.8,IF(D60=17,30.1,IF(D60=18,29.5,IF(D60=19,28.7,IF(D60=20,30.2,IF(D60=21,31.7, "NOT LISTED"))))))))))))))))))))) -> 31.7 | K60: =J60*(H60-E60) -> 55.271803 | L60: =IF(OR(B60="P4",B60="P5",B60="EUS3",B60="EUS",B60="EUS2"),1,0.5) -> 0.5 | M60: =IF(L60 = 0.5, 0.78994,IF(L60=1, 1.33, "NOT LISTED")) -> 0.78994 | N60: =$M60^2*3.141592 -> 1.9603698 | O60: =K60*N60 -> 108.35317 | P60: =(J60*(2.5-E60))*N60 -> 108.39108 | Q60: =(999.83952+16.945176*G60-0.00798704*G60^2-0.000046170461*G60^3+0.00000010556302*G60^4-0.00000000028054253*G60^5)/(1+0.01689785*G60) -> 995.80603 | R60: =IF(I60="NA", 101325, I60*133.322368) -> 101325 | S60: 9.8 | T60: =G60+273.15 -> 301.445 | U60: =(1+((Q60*S60/R60/100)*(1+0.01*K60)))*N60*(293/T60) -> 1.9082994
A61: Harsha | B61: EEB | C61: 2015-07-22 14:11 | D61: 11 | E61: 0.48596 | F61: 83.377 | G61: =CONVERT(F61,"F","C") -> 28.542778 | H61: 2.48291 | I61: NA | J61: =IF(D61=1, 32.2,IF(D61=2, 30.8, IF(D61=3, 29.9, IF(D61=4, 29.6, IF(D61=5, 29.9, IF(D61=6, 30.2, IF(D61=7, 30.4, IF(D61=8, 28, IF(D61=9, 32.2, IF(D61=10, 30.1, IF(D61=11, 30.1, IF(D61=12, 29.2, IF(D61=13, 30.8,IF(D61=14,29.3, IF(D61=15,30.2,IF(D61=16, 30.8,IF(D61=17,30.1,IF(D61=18,29.5,IF(D61=19,28.7,IF(D61=20,30.2,IF(D61=21,31.7, "NOT LISTED"))))))))))))))))))))) -> 30.1 | K61: =J61*(H61-E61) -> 60.108195 | L61: =IF(OR(B61="P4",B61="P5",B61="EUS3",B61="EUS",B61="EUS2"),1,0.5) -> 0.5 | M61: =IF(L61 = 0.5, 0.78994,IF(L61=1, 1.33, "NOT LISTED")) -> 0.78994 | N61: =$M61^2*3.141592 -> 1.9603698 | O61: =K61*N61 -> 117.83429 | P61: =(J61*(2.5-E61))*N61 -> 118.84272 | Q61: =(999.83952+16.945176*G61-0.00798704*G61^2-0.000046170461*G61^3+0.00000010556302*G61^4-0.00000000028054253*G61^5)/(1+0.01689785*G61) -> 995.73268 | R61: =IF(I61="NA", 101325, I61*133.322368) -> 101325 | S61: 9.8 | T61: =G61+273.15 -> 301.69278 | U61: =(1+((Q61*S61/R61/100)*(1+0.01*K61)))*N61*(293/T61) -> 1.9068206
A62: Harsha | B62: ENN | C62: 2015-07-22 15:05 | D62: 3 | E62: 0.66789 | F62: 83.021 | G62: =CONVERT(F62,"F","C") -> 28.345 | H62: 2.49939 | I62: NA | J62: =IF(D62=1, 32.2,IF(D62=2, 30.8, IF(D62=3, 29.9, IF(D62=4, 29.6, IF(D62=5, 29.9, IF(D62=6, 30.2, IF(D62=7, 30.4, IF(D62=8, 28, IF(D62=9, 32.2, IF(D62=10, 30.1, IF(D62=11, 30.1, IF(D62=12, 29.2, IF(D62=13, 30.8,IF(D62=14,29.3, IF(D62=15,30.2,IF(D62=16, 30.8,IF(D62=17,30.1,IF(D62=18,29.5,IF(D62=19,28.7,IF(D62=20,30.2,IF(D62=21,31.7, "NOT LISTED"))))))))))))))))))))) -> 29.9 | K62: =J62*(H62-E62) -> 54.76185 | L62: =IF(OR(B62="P4",B62="P5",B62="EUS3",B62="EUS",B62="EUS2"),1,0.5) -> 0.5 | M62: =IF(L62 = 0.5, 0.78994,IF(L62=1, 1.33, "NOT LISTED")) -> 0.78994 | N62: =$M62^2*3.141592 -> 1.9603698 | O62: =K62*N62 -> 107.35347 | P62: =(J62*(2.5-E62))*N62 -> 107.38923 | Q62: =(999.83952+16.945176*G62-0.00798704*G62^2-0.000046170461*G62^3+0.00000010556302*G62^4-0.00000000028054253*G62^5)/(1+0.01689785*G62) -> 995.79127 | R62: =IF(I62="NA", 101325, I62*133.322368) -> 101325 | S62: 9.8 | T62: =G62+273.15 -> 301.495 | U62: =(1+((Q62*S62/R62/100)*(1+0.01*K62)))*N62*(293/T62) -> 1.9079735
A63: Harsha | B63: EUS | C63: 2015-07-22 13:07 | D63: 16 | E63: 0.30464 | F63: 83.021 | G63: =CONVERT(F63,"F","C") -> 28.345 | H63: 2.49939 | I63: NA | J63: =IF(D63=1, 32.2,IF(D63=2, 30.8, IF(D63=3, 29.9, IF(D63=4, 29.6, IF(D63=5, 29.9, IF(D63=6, 30.2, IF(D63=7, 30.4, IF(D63=8, 28, IF(D63=9, 32.2, IF(D63=10, 30.1, IF(D63=11, 30.1, IF(D63=12, 29.2, IF(D63=13, 30.8,IF(D63=14,29.3, IF(D63=15,30.2,IF(D63=16, 30.8,IF(D63=17,30.1,IF(D63=18,29.5,IF(D63=19,28.7,IF(D63=20,30.2,IF(D63=21,31.7, "NOT LISTED"))))))))))))))))))))) -> 30.8 | K63: =J63*(H63-E63) -> 67.5983 | L63: =IF(OR(B63="P4",B63="P5",B63="EUS3",B63="EUS",B63="EUS2"),1,0.5) -> 1 | M63: =IF(L63 = 0.5, 0.78994,IF(L63=1, 1.33, "NOT LISTED")) -> 1.33 | N63: =$M63^2*3.141592 -> 5.5571621 | O63: =K63*N63 -> 375.65471 | P63: =(J63*(2.5-E63))*N63 -> 375.75912 | Q63: =(999.83952+16.945176*G63-0.00798704*G63^2-0.000046170461*G63^3+0.00000010556302*G63^4-0.00000000028054253*G63^5)/(1+0.01689785*G63) -> 995.79127 | R63: =IF(I63="NA", 101325, I63*133.322368) -> 101325 | S63: 9.8 | T63: =G63+273.15 -> 301.495 | U63: =(1+((Q63*S63/R63/100)*(1+0.01*K63)))*N63*(293/T63) -> 5.4092995
A64: Harsha | B64: EUS2 | C64: 2015-07-22 13:36 | D64: 20 | E64: 0.29915 | F64: 84.677 | G64: =CONVERT(F64,"F","C") -> 29.265 | H64: 2.49939 | I64: NA | J64: =IF(D64=1, 32.2,IF(D64=2, 30.8, IF(D64=3, 29.9, IF(D64=4, 29.6, IF(D64=5, 29.9, IF(D64=6, 30.2, IF(D64=7, 30.4, IF(D64=8, 28, IF(D64=9, 32.2, IF(D64=10, 30.1, IF(D64=11, 30.1, IF(D64=12, 29.2, IF(D64=13, 30.8,IF(D64=14,29.3, IF(D64=15,30.2,IF(D64=16, 30.8,IF(D64=17,30.1,IF(D64=18,29.5,IF(D64=19,28.7,IF(D64=20,30.2,IF(D64=21,31.7, "NOT LISTED"))))))))))))))))))))) -> 30.2 | K64: =J64*(H64-E64) -> 66.447248 | L64: =IF(OR(B64="P4",B64="P5",B64="EUS3",B64="EUS",B64="EUS2"),1,0.5) -> 1 | M64: =IF(L64 = 0.5, 0.78994,IF(L64=1, 1.33, "NOT LISTED")) -> 1.33 | N64: =$M64^2*3.141592 -> 5.5571621 | O64: =K64*N64 -> 369.25813 | P64: =(J64*(2.5-E64))*N64 -> 369.3605 | Q64: =(999.83952+16.945176*G64-0.00798704*G64^2-0.000046170461*G64^3+0.00000010556302*G64^4-0.00000000028054253*G64^5)/(1+0.01689785*G64) -> 995.5158 | R64: =IF(I64="NA", 101325, I64*133.322368) -> 101325 | S64: 9.8 | T64: =G64+273.15 -> 302.415 | U64: =(1+((Q64*S64/R64/100)*(1+0.01*K64)))*N64*(293/T64) -> 5.3927814
A65: Harsha | B65: EUS3 | C65: 2015-07-22 12:35 | D65: 18 | E65: 0.35348 | F65: 83.242 | G65: =CONVERT(F65,"F","C") -> 28.467778 | H65: 2.49939 | I65: NA | J65: =IF(D65=1, 32.2,IF(D65=2, 30.8, IF(D65=3, 29.9, IF(D65=4, 29.6, IF(D65=5, 29.9, IF(D65=6, 30.2, IF(D65=7, 30.4, IF(D65=8, 28, IF(D65=9, 32.2, IF(D65=10, 30.1, IF(D65=11, 30.1, IF(D65=12, 29.2, IF(D65=13, 30.8,IF(D65=14,29.3, IF(D65=15,30.2,IF(D65=16, 30.8,IF(D65=17,30.1,IF(D65=18,29.5,IF(D65=19,28.7,IF(D65=20,30.2,IF(D65=21,31.7, "NOT LISTED"))))))))))))))))))))) -> 29.5 | K65: =J65*(H65-E65) -> 63.304345 | L65: =IF(OR(B65="P4",B65="P5",B65="EUS3",B65="EUS",B65="EUS2"),1,0.5) -> 1 | M65: =IF(L65 = 0.5, 0.78994,IF(L65=1, 1.33, "NOT LISTED")) -> 1.33 | N65: =$M65^2*3.141592 -> 5.5571621 | O65: =K65*N65 -> 351.79251 | P65: =(J65*(2.5-E65))*N65 -> 351.89251 | Q65: =(999.83952+16.945176*G65-0.00798704*G65^2-0.000046170461*G65^3+0.00000010556302*G65^4-0.00000000028054253*G65^5)/(1+0.01689785*G65) -> 995.75494 | R65: =IF(I65="NA", 101325, I65*133.322368) -> 101325 | S65: 9.8 | T65: =G65+273.15 -> 301.61778 | U65: =(1+((Q65*S65/R65/100)*(1+0.01*K65)))*N65*(293/T65) -> 5.406874
A66: Harsha | B66: EFL | C66: 2015-07-23 12:21 | D66: 9 | E66: 0.42369 | F66: 85.035 | G66: =CONVERT(F66,"F","C") -> 29.463889 | H66: 2.49939 | I66: NA | J66: =IF(D66=1, 32.2,IF(D66=2, 30.8, IF(D66=3, 29.9, IF(D66=4, 29.6, IF(D66=5, 29.9, IF(D66=6, 30.2, IF(D66=7, 30.4, IF(D66=8, 28, IF(D66=9, 32.2, IF(D66=10, 30.1, IF(D66=11, 30.1, IF(D66=12, 29.2, IF(D66=13, 30.8,IF(D66=14,29.3, IF(D66=15,30.2,IF(D66=16, 30.8,IF(D66=17,30.1,IF(D66=18,29.5,IF(D66=19,28.7,IF(D66=20,30.2,IF(D66=21,31.7, "NOT LISTED"))))))))))))))))))))) -> 32.2 | K66: =J66*(H66-E66) -> 66.83754 | L66: =IF(OR(B66="P4",B66="P5",B66="EUS3",B66="EUS",B66="EUS2"),1,0.5) -> 0.5 | M66: =IF(L66 = 0.5, 0.78994,IF(L66=1, 1.33, "NOT LISTED")) -> 0.78994 | N66: =$M66^2*3.141592 -> 1.9603698 | O66: =K66*N66 -> 131.02629 | P66: =(J66*(2.5-E66))*N66 -> 131.0648 | Q66: =(999.83952+16.945176*G66-0.00798704*G66^2-0.000046170461*G66^3+0.00000010556302*G66^4-0.00000000028054253*G66^5)/(1+0.01689785*G66) -> 995.45529 | R66: =IF(I66="NA", 101325, I66*133.322368) -> 101325 | S66: 9.8 | T66: =G66+273.15 -> 302.61389 | U66: =(1+((Q66*S66/R66/100)*(1+0.01*K66)))*N66*(293/T66) -> 1.9011387
A67: Harsha | B67: EMB | C67: 2015-07-23 12:59 | D67: 10 | E67: 0.53785 | F67: 86.482 | G67: =CONVERT(F67,"F","C") -> 30.267778 | H67: 2.49939 | I67: NA | J67: =IF(D67=1, 32.2,IF(D67=2, 30.8, IF(D67=3, 29.9, IF(D67=4, 29.6, IF(D67=5, 29.9, IF(D67=6, 30.2, IF(D67=7, 30.4, IF(D67=8, 28, IF(D67=9, 32.2, IF(D67=10, 30.1, IF(D67=11, 30.1, IF(D67=12, 29.2, IF(D67=13, 30.8,IF(D67=14,29.3, IF(D67=15,30.2,IF(D67=16, 30.8,IF(D67=17,30.1,IF(D67=18,29.5,IF(D67=19,28.7,IF(D67=20,30.2,IF(D67=21,31.7, "NOT LISTED"))))))))))))))))))))) -> 30.1 | K67: =J67*(H67-E67) -> 59.042354 | L67: =IF(OR(B67="P4",B67="P5",B67="EUS3",B67="EUS",B67="EUS2"),1,0.5) -> 0.5 | M67: =IF(L67 = 0.5, 0.78994,IF(L67=1, 1.33, "NOT LISTED")) -> 0.78994 | N67: =$M67^2*3.141592 -> 1.9603698 | O67: =K67*N67 -> 115.74485 | P67: =(J67*(2.5-E67))*N67 -> 115.78084 | Q67: =(999.83952+16.945176*G67-0.00798704*G67^2-0.000046170461*G67^3+0.00000010556302*G67^4-0.00000000028054253*G67^5)/(1+0.01689785*G67) -> 995.20724 | R67: =IF(I67="NA", 101325, I67*133.322368) -> 101325 | S67: 9.8 | T67: =G67+273.15 -> 303.41778 | U67: =(1+((Q67*S67/R67/100)*(1+0.01*K67)))*N67*(293/T67) -> 1.8959589
A68: Harsha | B68: EOF | C68: 2015-07-23 13:44 | D68: 4 | E68: 0.38278 | F68: 87.665 | G68: =CONVERT(F68,"F","C") -> 30.925 | H68: 2.49939 | I68: NA | J68: =IF(D68=1, 32.2,IF(D68=2, 30.8, IF(D68=3, 29.9, IF(D68=4, 29.6, IF(D68=5, 29.9, IF(D68=6, 30.2, IF(D68=7, 30.4, IF(D68=8, 28, IF(D68=9, 32.2, IF(D68=10, 30.1, IF(D68=11, 30.1, IF(D68=12, 29.2, IF(D68=13, 30.8,IF(D68=14,29.3, IF(D68=15,30.2,IF(D68=16, 30.8,IF(D68=17,30.1,IF(D68=18,29.5,IF(D68=19,28.7,IF(D68=20,30.2,IF(D68=21,31.7, "NOT LISTED"))))))))))))))))))))) -> 29.6 | K68: =J68*(H68-E68) -> 62.651656 | L68: =IF(OR(B68="P4",B68="P5",B68="EUS3",B68="EUS",B68="EUS2"),1,0.5) -> 0.5 | M68: =IF(L68 = 0.5, 0.78994,IF(L68=1, 1.33, "NOT LISTED")) -> 0.78994 | N68: =$M68^2*3.141592 -> 1.9603698 | O68: =K68*N68 -> 122.82041 | P68: =(J68*(2.5-E68))*N68 -> 122.85581 | Q68: =(999.83952+16.945176*G68-0.00798704*G68^2-0.000046170461*G68^3+0.00000010556302*G68^4-0.00000000028054253*G68^5)/(1+0.01689785*G68) -> 995.00037 | R68: =IF(I68="NA", 101325, I68*133.322368) -> 101325 | S68: 9.8 | T68: =G68+273.15 -> 304.075 | U68: =(1+((Q68*S68/R68/100)*(1+0.01*K68)))*N68*(293/T68) -> 1.8919261
A69: Harsha | B69: ECP | C69: 2015-07-27 14:52 | D69: 21 | E69: 1.34615 | F69: 83.021 | G69: =CONVERT(F69,"F","C") -> 28.345 | H69: 2.49939 | I69: NA | J69: =IF(D69=1, 32.2,IF(D69=2, 30.8, IF(D69=3, 29.9, IF(D69=4, 29.6, IF(D69=5, 29.9, IF(D69=6, 30.2, IF(D69=7, 30.4, IF(D69=8, 28, IF(D69=9, 32.2, IF(D69=10, 30.1, IF(D69=11, 30.1, IF(D69=12, 29.2, IF(D69=13, 30.8,IF(D69=14,29.3, IF(D69=15,30.2,IF(D69=16, 30.8,IF(D69=17,30.1,IF(D69=18,29.5,IF(D69=19,28.7,IF(D69=20,30.2,IF(D69=21,31.7, "NOT LISTED"))))))))))))))))))))) -> 31.7 | K69: =J69*(H69-E69) -> 36.557708 | L69: =IF(OR(B69="P4",B69="P5",B69="EUS3",B69="EUS",B69="EUS2"),1,0.5) -> 0.5 | M69: =IF(L69 = 0.5, 0.78994,IF(L69=1, 1.33, "NOT LISTED")) -> 0.78994 | N69: =$M69^2*3.141592 -> 1.9603698 | O69: NA | P69: NA | Q69: =(999.83952+16.945176*G69-0.00798704*G69^2-0.000046170461*G69^3+0.00000010556302*G69^4-0.00000000028054253*G69^5)/(1+0.01689785*G69) -> 995.79127 | R69: =IF(I69="NA", 101325, I69*133.322368) -> 101325 | S69: 9.8 | T69: =G69+273.15 -> 301.495 | U69: NA
A70: Harsha | B70: EEB | C70: 2015-07-27 15:24 | D70: 11 | E70: 0.35653 | F70: 83.109 | G70: =CONVERT(F70,"F","C") -> 28.393889 | H70: 2.49939 | I70: NA | J70: =IF(D70=1, 32.2,IF(D70=2, 30.8, IF(D70=3, 29.9, IF(D70=4, 29.6, IF(D70=5, 29.9, IF(D70=6, 30.2, IF(D70=7, 30.4, IF(D70=8, 28, IF(D70=9, 32.2, IF(D70=10, 30.1, IF(D70=11, 30.1, IF(D70=12, 29.2, IF(D70=13, 30.8,IF(D70=14,29.3, IF(D70=15,30.2,IF(D70=16, 30.8,IF(D70=17,30.1,IF(D70=18,29.5,IF(D70=19,28.7,IF(D70=20,30.2,IF(D70=21,31.7, "NOT LISTED"))))))))))))))))))))) -> 30.1 | K70: =J70*(H70-E70) -> 64.500086 | L70: =IF(OR(B70="P4",B70="P5",B70="EUS3",B70="EUS",B70="EUS2"),1,0.5) -> 0.5 | M70: =IF(L70 = 0.5, 0.78994,IF(L70=1, 1.33, "NOT LISTED")) -> 0.78994 | N70: =$M70^2*3.141592 -> 1.9603698 | O70: =K70*N70 -> 126.44402 | P70: =(J70*(2.5-E70))*N70 -> 126.48001 | Q70: =(999.83952+16.945176*G70-0.00798704*G70^2-0.000046170461*G70^3+0.00000010556302*G70^4-0.00000000028054253*G70^5)/(1+0.01689785*G70) -> 995.77682 | R70: =IF(I70="NA", 101325, I70*133.322368) -> 101325 | S70: 9.8 | T70: =G70+273.15 -> 301.54389 | U70: =(1+((Q70*S70/R70/100)*(1+0.01*K70)))*N70*(293/T70) -> 1.9078428
A71: Harsha | B71: ENN | C71: 2015-07-27 14:17 | D71: 3 | E71: 0.58364 | F71: 83.287 | G71: =CONVERT(F71,"F","C") -> 28.492778 | H71: 2.49939 | I71: NA | J71: =IF(D71=1, 32.2,IF(D71=2, 30.8, IF(D71=3, 29.9, IF(D71=4, 29.6, IF(D71=5, 29.9, IF(D71=6, 30.2, IF(D71=7, 30.4, IF(D71=8, 28, IF(D71=9, 32.2, IF(D71=10, 30.1, IF(D71=11, 30.1, IF(D71=12, 29.2, IF(D71=13, 30.8,IF(D71=14,29.3, IF(D71=15,30.2,IF(D71=16, 30.8,IF(D71=17,30.1,IF(D71=18,29.5,IF(D71=19,28.7,IF(D71=20,30.2,IF(D71=21,31.7, "NOT LISTED"))))))))))))))))))))) -> 29.9 | K71: =J71*(H71-E71) -> 57.280925 | L71: =IF(OR(B71="P4",B71="P5",B71="EUS3",B71="EUS",B71="EUS2"),1,0.5) -> 0.5 | M71: =IF(L71 = 0.5, 0.78994,IF(L71=1, 1.33, "NOT LISTED")) -> 0.78994 | N71: =$M71^2*3.141592 -> 1.9603698 | O71: =K71*N71 -> 112.29179 | P71: =(J71*(2.5-E71))*N71 -> 112.32755 | Q71: =(999.83952+16.945176*G71-0.00798704*G71^2-0.000046170461*G71^3+0.00000010556302*G71^4-0.00000000028054253*G71^5)/(1+0.01689785*G71) -> 995.74752 | R71: =IF(I71="NA", 101325, I71*133.322368) -> 101325 | S71: 9.8 | T71: =G71+273.15 -> 301.64278 | U71: =(1+((Q71*S71/R71/100)*(1+0.01*K71)))*N71*(293/T71) -> 1.9070849
A72: Harsha | B72: EUS | C72: 2015-07-27 12:54 | D72: 16 | E72: 0.31258 | F72: 84.137 | G72: =CONVERT(F72,"F","C") -> 28.965 | H72: 2.49939 | I72: NA | J72: =IF(D72=1, 32.2,IF(D72=2, 30.8, IF(D72=3, 29.9, IF(D72=4, 29.6, IF(D72=5, 29.9, IF(D72=6, 30.2, IF(D72=7, 30.4, IF(D72=8, 28, IF(D72=9, 32.2, IF(D72=10, 30.1, IF(D72=11, 30.1, IF(D72=12, 29.2, IF(D72=13, 30.8,IF(D72=14,29.3, IF(D72=15,30.2,IF(D72=16, 30.8,IF(D72=17,30.1,IF(D72=18,29.5,IF(D72=19,28.7,IF(D72=20,30.2,IF(D72=21,31.7, "NOT LISTED"))))))))))))))))))))) -> 30.8 | K72: =J72*(H72-E72) -> 67.353748 | L72: =IF(OR(B72="P4",B72="P5",B72="EUS3",B72="EUS",B72="EUS2"),1,0.5) -> 1 | M72: =IF(L72 = 0.5, 0.78994,IF(L72=1, 1.33, "NOT LISTED")) -> 1.33 | N72: =$M72^2*3.141592 -> 5.5571621 | O72: =K72*N72 -> 374.29569 | P72: =(J72*(2.5-E72))*N72 -> 374.4001 | Q72: =(999.83952+16.945176*G72-0.00798704*G72^2-0.000046170461*G72^3+0.00000010556302*G72^4-0.00000000028054253*G72^5)/(1+0.01689785*G72) -> 995.60644 | R72: =IF(I72="NA", 101325, I72*133.322368) -> 101325 | S72: 9.8 | T72: =G72+273.15 -> 302.115 | U72: =(1+((Q72*S72/R72/100)*(1+0.01*K72)))*N72*(293/T72) -> 5.3981842
A73: Harsha | B73: EUS2 | C73: 2015-07-27 13:31 | D73: 20 | E73: 0.32662 | F73: 83.736 | G73: =CONVERT(F73,"F","C") -> 28.742222 | H73: 2.49939 | I73: NA | J73: =IF(D73=1, 32.2,IF(D73=2, 30.8, IF(D73=3, 29.9, IF(D73=4, 29.6, IF(D73=5, 29.9, IF(D73=6, 30.2, IF(D73=7, 30.4, IF(D73=8, 28, IF(D73=9, 32.2, IF(D73=10, 30.1, IF(D73=11, 30.1, IF(D73=12, 29.2, IF(D73=13, 30.8,IF(D73=14,29.3, IF(D73=15,30.2,IF(D73=16, 30.8,IF(D73=17,30.1,IF(D73=18,29.5,IF(D73=19,28.7,IF(D73=20,30.2,IF(D73=21,31.7, "NOT LISTED"))))))))))))))))))))) -> 30.2 | K73: =J73*(H73-E73) -> 65.617654 | L73: =IF(OR(B73="P4",B73="P5",B73="EUS3",B73="EUS",B73="EUS2"),1,0.5) -> 1 | M73: =IF(L73 = 0.5, 0.78994,IF(L73=1, 1.33, "NOT LISTED")) -> 1.33 | N73: =$M73^2*3.141592 -> 5.5571621 | O73: =K73*N73 -> 364.64794 | P73: =(J73*(2.5-E73))*N73 -> 364.75031 | Q73: =(999.83952+16.945176*G73-0.00798704*G73^2-0.000046170461*G73^3+0.00000010556302*G73^4-0.00000000028054253*G73^5)/(1+0.01689785*G73) -> 995.67324 | R73: =IF(I73="NA", 101325, I73*133.322368) -> 101325 | S73: 9.8 | T73: =G73+273.15 -> 301.89222 | U73: =(1+((Q73*S73/R73/100)*(1+0.01*K73)))*N73*(293/T73) -> 5.4020782
A74: Harsha | B74: EUS3 | C74: 2015-07-27 11:50 | D74: 18 | E74: 0.31380 | F74: 83.914 | G74: =CONVERT(F74,"F","C") -> 28.841111 | H74: 2.49939 | I74: NA | J74: =IF(D74=1, 32.2,IF(D74=2, 30.8, IF(D74=3, 29.9, IF(D74=4, 29.6, IF(D74=5, 29.9, IF(D74=6, 30.2, IF(D74=7, 30.4, IF(D74=8, 28, IF(D74=9, 32.2, IF(D74=10, 30.1, IF(D74=11, 30.1, IF(D74=12, 29.2, IF(D74=13, 30.8,IF(D74=14,29.3, IF(D74=15,30.2,IF(D74=16, 30.8,IF(D74=17,30.1,IF(D74=18,29.5,IF(D74=19,28.7,IF(D74=20,30.2,IF(D74=21,31.7, "NOT LISTED"))))))))))))))))))))) -> 29.5 | K74: =J74*(H74-E74) -> 64.474905 | L74: =IF(OR(B74="P4",B74="P5",B74="EUS3",B74="EUS",B74="EUS2"),1,0.5) -> 1 | M74: =IF(L74 = 0.5, 0.78994,IF(L74=1, 1.33, "NOT LISTED")) -> 1.33 | N74: =$M74^2*3.141592 -> 5.5571621 | O74: =K74*N74 -> 358.2975 | P74: =(J74*(2.5-E74))*N74 -> 358.3975 | Q74: =(999.83952+16.945176*G74-0.00798704*G74^2-0.000046170461*G74^3+0.00000010556302*G74^4-0.00000000028054253*G74^5)/(1+0.01689785*G74) -> 995.64364 | R74: =IF(I74="NA", 101325, I74*133.322368) -> 101325 | S74: 9.8 | T74: =G74+273.15 -> 301.99111 | U74: =(1+((Q74*S74/R74/100)*(1+0.01*K74)))*N74*(293/T74) -> 5.4002496
A75: Harsha | B75: EFL | C75: 2015-07-29 13:16 | D75: 9 | E75: 0.43834 | F75: 90.612 | G75: =CONVERT(F75,"F","C") -> 32.562222 | H75: 2.49939 | I75: NA | J75: =IF(D75=1, 32.2,IF(D75=2, 30.8, IF(D75=3, 29.9, IF(D75=4, 29.6, IF(D75=5, 29.9, IF(D75=6, 30.2, IF(D75=7, 30.4, IF(D75=8, 28, IF(D75=9, 32.2, IF(D75=10, 30.1, IF(D75=11, 30.1, IF(D75=12, 29.2, IF(D75=13, 30.8,IF(D75=14,29.3, IF(D75=15,30.2,IF(D75=16, 30.8,IF(D75=17,30.1,IF(D75=18,29.5,IF(D75=19,28.7,IF(D75=20,30.2,IF(D75=21,31.7, "NOT LISTED"))))))))))))))))))))) -> 32.2 | K75: =J75*(H75-E75) -> 66.36581 | L75: =IF(OR(B75="P4",B75="P5",B75="EUS3",B75="EUS",B75="EUS2"),1,0.5) -> 0.5 | M75: =IF(L75 = 0.5, 0.78994,IF(L75=1, 1.33, "NOT LISTED")) -> 0.78994 | N75: =$M75^2*3.141592 -> 1.9603698 | O75: NA | P75: NA | Q75: =(999.83952+16.945176*G75-0.00798704*G75^2-0.000046170461*G75^3+0.00000010556302*G75^4-0.00000000028054253*G75^5)/(1+0.01689785*G75) -> 994.46938 | R75: =IF(I75="NA", 101325, I75*133.322368) -> 101325 | S75: 9.8 | T75: =G75+273.15 -> 305.71222 | U75: NA
A76: Harsha | B76: EMB | C76: 2015-07-29 12:43 | D76: 14 | E76: 0.43468 | F76: 82.486 | G76: =CONVERT(F76,"F","C") -> 28.047778 | H76: 2.49939 | I76: NA | J76: =IF(D76=1, 32.2,IF(D76=2, 30.8, IF(D76=3, 29.9, IF(D76=4, 29.6, IF(D76=5, 29.9, IF(D76=6, 30.2, IF(D76=7, 30.4, IF(D76=8, 28, IF(D76=9, 32.2, IF(D76=10, 30.1, IF(D76=11, 30.1, IF(D76=12, 29.2, IF(D76=13, 30.8,IF(D76=14,29.3, IF(D76=15,30.2,IF(D76=16, 30.8,IF(D76=17,30.1,IF(D76=18,29.5,IF(D76=19,28.7,IF(D76=20,30.2,IF(D76=21,31.7, "NOT LISTED"))))))))))))))))))))) -> 29.3 | K76: =J76*(H76-E76) -> 60.496003 | L76: =IF(OR(B76="P4",B76="P5",B76="EUS3",B76="EUS",B76="EUS2"),1,0.5) -> 0.5 | M76: =IF(L76 = 0.5, 0.78994,IF(L76=1, 1.33, "NOT LISTED")) -> 0.78994 | N76: =$M76^2*3.141592 -> 1.9603698 | O76: =K76*N76 -> 118.59453 | P76: =(J76*(2.5-E76))*N76 -> 118.62957 | Q76: =(999.83952+16.945176*G76-0.00798704*G76^2-0.000046170461*G76^3+0.00000010556302*G76^4-0.00000000028054253*G76^5)/(1+0.01689785*G76) -> 995.87869 | R76: =IF(I76="NA", 101325, I76*133.322368) -> 101325 | S76: 9.8 | T76: =G76+273.15 -> 301.19778 | U76: =(1+((Q76*S76/R76/100)*(1+0.01*K76)))*N76*(293/T76) -> 1.9099619
A77: Harsha | B77: EOF | C77: 2015-07-29 11:47 | D77: 4 | E77: 0.37057 | F77: 81.597 | G77: =CONVERT(F77,"F","C") -> 27.553889 | H77: 2.49939 | I77: NA | J77: =IF(D77=1, 32.2,IF(D77=2, 30.8, IF(D77=3, 29.9, IF(D77=4, 29.6, IF(D77=5, 29.9, IF(D77=6, 30.2, IF(D77=7, 30.4, IF(D77=8, 28, IF(D77=9, 32.2, IF(D77=10, 30.1, IF(D77=11, 30.1, IF(D77=12, 29.2, IF(D77=13, 30.8,IF(D77=14,29.3, IF(D77=15,30.2,IF(D77=16, 30.8,IF(D77=17,30.1,IF(D77=18,29.5,IF(D77=19,28.7,IF(D77=20,30.2,IF(D77=21,31.7, "NOT LISTED"))))))))))))))))))))) -> 29.6 | K77: =J77*(H77-E77) -> 63.013072 | L77: =IF(OR(B77="P4",B77="P5",B77="EUS3",B77="EUS",B77="EUS2"),1,0.5) -> 0.5 | M77: =IF(L77 = 0.5, 0.78994,IF(L77=1, 1.33, "NOT LISTED")) -> 0.78994 | N77: =$M77^2*3.141592 -> 1.9603698 | O77: =K77*N77 -> 123.52892 | P77: =(J77*(2.5-E77))*N77 -> 123.56432 | Q77: =(999.83952+16.945176*G77-0.00798704*G77^2-0.000046170461*G77^3+0.00000010556302*G77^4-0.00000000028054253*G77^5)/(1+0.01689785*G77) -> 996.02223 | R77: =IF(I77="NA", 101325, I77*133.322368) -> 101325 | S77: 9.8 | T77: =G77+273.15 -> 300.70389 | U77: =(1+((Q77*S77/R77/100)*(1+0.01*K77)))*N77*(293/T77) -> 1.9131457
A78: Harsha | B78: ECP | C78: 2015-08-03 14:13 | D78: 21 | E78: 0.87424 | F78: 81.687 | G78: =CONVERT(F78,"F","C") -> 27.603889 | H78: 2.49939 | I78: 746.1 | J78: =IF(D78=1, 32.2,IF(D78=2, 30.8, IF(D78=3, 29.9, IF(D78=4, 29.6, IF(D78=5, 29.9, IF(D78=6, 30.2, IF(D78=7, 30.4, IF(D78=8, 28, IF(D78=9, 32.2, IF(D78=10, 30.1, IF(D78=11, 30.1, IF(D78=12, 29.2, IF(D78=13, 30.8,IF(D78=14,29.3, IF(D78=15,30.2,IF(D78=16, 30.8,IF(D78=17,30.1,IF(D78=18,29.5,IF(D78=19,28.7,IF(D78=20,30.2,IF(D78=21,31.7, "NOT LISTED"))))))))))))))))))))) -> 31.7 | K78: =J78*(H78-E78) -> 51.517255 | L78: =IF(OR(B78="P4",B78="P5",B78="EUS3",B78="EUS",B78="EUS2"),1,0.5) -> 0.5 | M78: =IF(L78 = 0.5, 0.78994,IF(L78=1, 1.33, "NOT LISTED")) -> 0.78994 | N78: =$M78^2*3.141592 -> 1.9603698 | O78: =K78*N78 -> 100.99287 | P78: =(J78*(2.5-E78))*N78 -> 101.03078 | Q78: =(999.83952+16.945176*G78-0.00798704*G78^2-0.000046170461*G78^3+0.00000010556302*G78^4-0.00000000028054253*G78^5)/(1+0.01689785*G78) -> 996.0078 | R78: =IF(I78="NA", 101325, I78*133.322368) -> 99471.819 | S78: 9.8 | T78: =G78+273.15 -> 300.75389 | U78: =(1+((Q78*S78/R78/100)*(1+0.01*K78)))*N78*(293/T78) -> 1.912668
A79: Harsha | B79: EEB | C79: 2015-08-03 15:02 | D79: 11 | E79: 0.38645 | F79: 82.085 | G79: =CONVERT(F79,"F","C") -> 27.825 | H79: 2.49939 | I79: 746.1 | J79: =IF(D79=1, 32.2,IF(D79=2, 30.8, IF(D79=3, 29.9, IF(D79=4, 29.6, IF(D79=5, 29.9, IF(D79=6, 30.2, IF(D79=7, 30.4, IF(D79=8, 28, IF(D79=9, 32.2, IF(D79=10, 30.1, IF(D79=11, 30.1, IF(D79=12, 29.2, IF(D79=13, 30.8,IF(D79=14,29.3, IF(D79=15,30.2,IF(D79=16, 30.8,IF(D79=17,30.1,IF(D79=18,29.5,IF(D79=19,28.7,IF(D79=20,30.2,IF(D79=21,31.7, "NOT LISTED"))))))))))))))))))))) -> 30.1 | K79: =J79*(H79-E79) -> 63.599494 | L79: =IF(OR(B79="P4",B79="P5",B79="EUS3",B79="EUS",B79="EUS2"),1,0.5) -> 0.5 | M79: =IF(L79 = 0.5, 0.78994,IF(L79=1, 1.33, "NOT LISTED")) -> 0.78994 | N79: =$M79^2*3.141592 -> 1.9603698 | O79: =K79*N79 -> 124.67852 | P79: =(J79*(2.5-E79))*N79 -> 124.71452 | Q79: =(999.83952+16.945176*G79-0.00798704*G79^2-0.000046170461*G79^3+0.00000010556302*G79^4-0.00000000028054253*G79^5)/(1+0.01689785*G79) -> 995.9437 | R79: =IF(I79="NA", 101325, I79*133.322368) -> 99471.819 | S79: 9.8 | T79: =G79+273.15 -> 300.975 | U79: =(1+((Q79*S79/R79/100)*(1+0.01*K79)))*N79*(293/T79) -> 1.9114889
A80: Harsha | B80: ENN | C80: 2015-08-03 15:28 | D80: 3 | E80: 0.69902 | F80: 81.687 | G80: =CONVERT(F80,"F","C") -> 27.603889 | H80: 2.49939 | I80: 746.1 | J80: =IF(D80=1, 32.2,IF(D80=2, 30.8, IF(D80=3, 29.9, IF(D80=4, 29.6, IF(D80=5, 29.9, IF(D80=6, 30.2, IF(D80=7, 30.4, IF(D80=8, 28, IF(D80=9, 32.2, IF(D80=10, 30.1, IF(D80=11, 30.1, IF(D80=12, 29.2, IF(D80=13, 30.8,IF(D80=14,29.3, IF(D80=15,30.2,IF(D80=16, 30.8,IF(D80=17,30.1,IF(D80=18,29.5,IF(D80=19,28.7,IF(D80=20,30.2,IF(D80=21,31.7, "NOT LISTED"))))))))))))))))))))) -> 29.9 | K80: =J80*(H80-E80) -> 53.831063 | L80: =IF(OR(B80="P4",B80="P5",B80="EUS3",B80="EUS",B80="EUS2"),1,0.5) -> 0.5 | M80: =IF(L80 = 0.5, 0.78994,IF(L80=1, 1.33, "NOT LISTED")) -> 0.78994 | N80: =$M80^2*3.141592 -> 1.9603698 | O80: =K80*N80 -> 105.52879 | P80: =(J80*(2.5-E80))*N80 -> 105.56454 | Q80: =(999.83952+16.945176*G80-0.00798704*G80^2-0.000046170461*G80^3+0.00000010556302*G80^4-0.00000000028054253*G80^5)/(1+0.01689785*G80) -> 996.0078 | R80: =IF(I80="NA", 101325, I80*133.322368) -> 99471.819 | S80: 9.8 | T80: =G80+273.15 -> 300.75389 | U80: =(1+((Q80*S80/R80/100)*(1+0.01*K80)))*N80*(293/T80) -> 1.9127114
A81: Harsha | B81: EUS | C81: 2015-08-03 12:51 | D81: 16 | E81: 0.28327 | F81: 82.575 | G81: =CONVERT(F81,"F","C") -> 28.097222 | H81: 2.49939 | I81: 746.1 | J81: =IF(D81=1, 32.2,IF(D81=2, 30.8, IF(D81=3, 29.9, IF(D81=4, 29.6, IF(D81=5, 29.9, IF(D81=6, 30.2, IF(D81=7, 30.4, IF(D81=8, 28, IF(D81=9, 32.2, IF(D81=10, 30.1, IF(D81=11, 30.1, IF(D81=12, 29.2, IF(D81=13, 30.8,IF(D81=14,29.3, IF(D81=15,30.2,IF(D81=16, 30.8,IF(D81=17,30.1,IF(D81=18,29.5,IF(D81=19,28.7,IF(D81=20,30.2,IF(D81=21,31.7, "NOT LISTED"))))))))))))))))))))) -> 30.8 | K81: =J81*(H81-E81) -> 68.256496 | L81: =IF(OR(B81="P4",B81="P5",B81="EUS3",B81="EUS",B81="EUS2"),1,0.5) -> 1 | M81: =IF(L81 = 0.5, 0.78994,IF(L81=1, 1.33, "NOT LISTED")) -> 1.33 | N81: =$M81^2*3.141592 -> 5.5571621 | O81: =K81*N81 -> 379.31241 | P81: =(J81*(2.5-E81))*N81 -> 379.41682 | Q81: =(999.83952+16.945176*G81-0.00798704*G81^2-0.000046170461*G81^3+0.00000010556302*G81^4-0.00000000028054253*G81^5)/(1+0.01689785*G81) -> 995.8642 | R81: =IF(I81="NA", 101325, I81*133.322368) -> 99471.819 | S81: 9.8 | T81: =G81+273.15 -> 301.24722 | U81: =(1+((Q81*S81/R81/100)*(1+0.01*K81)))*N81*(293/T81) -> 5.4139468
A82: Harsha | B82: EUS2 | C82: 2015-08-03 13:33 | D82: 20 | E82: 0.75824 | F82: 82.218 | G82: =CONVERT(F82,"F","C") -> 27.898889 | H82: 2.49939 | I82: 746.1 | J82: =IF(D82=1, 32.2,IF(D82=2, 30.8, IF(D82=3, 29.9, IF(D82=4, 29.6, IF(D82=5, 29.9, IF(D82=6, 30.2, IF(D82=7, 30.4, IF(D82=8, 28, IF(D82=9, 32.2, IF(D82=10, 30.1, IF(D82=11, 30.1, IF(D82=12, 29.2, IF(D82=13, 30.8,IF(D82=14,29.3, IF(D82=15,30.2,IF(D82=16, 30.8,IF(D82=17,30.1,IF(D82=18,29.5,IF(D82=19,28.7,IF(D82=20,30.2,IF(D82=21,31.7, "NOT LISTED"))))))))))))))))))))) -> 30.2 | K82: =J82*(H82-E82) -> 52.58273 | L82: =IF(OR(B82="P4",B82="P5",B82="EUS3",B82="EUS",B82="EUS2"),1,0.5) -> 1 | M82: =IF(L82 = 0.5, 0.78994,IF(L82=1, 1.33, "NOT LISTED")) -> 1.33 | N82: =$M82^2*3.141592 -> 5.5571621 | O82: NA | P82: NA | Q82: =(999.83952+16.945176*G82-0.00798704*G82^2-0.000046170461*G82^3+0.00000010556302*G82^4-0.00000000028054253*G82^5)/(1+0.01689785*G82) -> 995.92219 | R82: =IF(I82="NA", 101325, I82*133.322368) -> 99471.819 | S82: 9.8 | T82: =G82+273.15 -> 301.04889 | U82: NA
A83: Harsha | B83: EUS3 | C83: 2015-08-03 11:49 | D83: 18 | E83: 0.36996 | F83: 81.687 | G83: =CONVERT(F83,"F","C") -> 27.603889 | H83: 2.49939 | I83: 746.1 | J83: =IF(D83=1, 32.2,IF(D83=2, 30.8, IF(D83=3, 29.9, IF(D83=4, 29.6, IF(D83=5, 29.9, IF(D83=6, 30.2, IF(D83=7, 30.4, IF(D83=8, 28, IF(D83=9, 32.2, IF(D83=10, 30.1, IF(D83=11, 30.1, IF(D83=12, 29.2, IF(D83=13, 30.8,IF(D83=14,29.3, IF(D83=15,30.2,IF(D83=16, 30.8,IF(D83=17,30.1,IF(D83=18,29.5,IF(D83=19,28.7,IF(D83=20,30.2,IF(D83=21,31.7, "NOT LISTED"))))))))))))))))))))) -> 29.5 | K83: =J83*(H83-E83) -> 62.818185 | L83: =IF(OR(B83="P4",B83="P5",B83="EUS3",B83="EUS",B83="EUS2"),1,0.5) -> 1 | M83: =IF(L83 = 0.5, 0.78994,IF(L83=1, 1.33, "NOT LISTED")) -> 1.33 | N83: =$M83^2*3.141592 -> 5.5571621 | O83: =K83*N83 -> 349.09084 | P83: =(J83*(2.5-E83))*N83 -> 349.19084 | Q83: =(999.83952+16.945176*G83-0.00798704*G83^2-0.000046170461*G83^3+0.00000010556302*G83^4-0.00000000028054253*G83^5)/(1+0.01689785*G83) -> 996.0078 | R83: =IF(I83="NA", 101325, I83*133.322368) -> 99471.819 | S83: 9.8 | T83: =G83+273.15 -> 300.75389 | U83: =(1+((Q83*S83/R83/100)*(1+0.01*K83)))*N83*(293/T83) -> 5.4225398
A84: Harsha | B84: EFL | C84: 2015-08-05 14:12 | D84: 9 | E84: 0.37790 | F84: 80.227 | G84: =CONVERT(F84,"F","C") -> 26.792778 | H84: 2.49939 | I84: 750.2 | J84: =IF(D84=1, 32.2,IF(D84=2, 30.8, IF(D84=3, 29.9, IF(D84=4, 29.6, IF(D84=5, 29.9, IF(D84=6, 30.2, IF(D84=7, 30.4, IF(D84=8, 28, IF(D84=9, 32.2, IF(D84=10, 30.1, IF(D84=11, 30.1, IF(D84=12, 29.2, IF(D84=13, 30.8,IF(D84=14,29.3, IF(D84=15,30.2,IF(D84=16, 30.8,IF(D84=17,30.1,IF(D84=18,29.5,IF(D84=19,28.7,IF(D84=20,30.2,IF(D84=21,31.7, "NOT LISTED"))))))))))))))))))))) -> 32.2 | K84: =J84*(H84-E84) -> 68.311978 | L84: =IF(OR(B84="P4",B84="P5",B84="EUS3",B84="EUS",B84="EUS2"),1,0.5) -> 0.5 | M84: =IF(L84 = 0.5, 0.78994,IF(L84=1, 1.33, "NOT LISTED")) -> 0.78994 | N84: =$M84^2*3.141592 -> 1.9603698 | O84: =K84*N84 -> 133.91674 | P84: =(J84*(2.5-E84))*N84 -> 133.95524 | Q84: =(999.83952+16.945176*G84-0.00798704*G84^2-0.000046170461*G84^3+0.00000010556302*G84^4-0.00000000028054253*G84^5)/(1+0.01689785*G84) -> 996.23918 | R84: =IF(I84="NA", 101325, I84*133.322368) -> 100018.44 | S84: 9.8 | T84: =G84+273.15 -> 299.94278 | U84: =(1+((Q84*S84/R84/100)*(1+0.01*K84)))*N84*(293/T84) -> 1.9181393
A85: Harsha | B85: EMB | C85: 2015-08-05 13:26 | D85: 14 | E85: 0.43529 | F85: 81.154 | G85: =CONVERT(F85,"F","C") -> 27.307778 | H85: 2.49939 | I85: 750.2 | J85: =IF(D85=1, 32.2,IF(D85=2, 30.8, IF(D85=3, 29.9, IF(D85=4, 29.6, IF(D85=5, 29.9, IF(D85=6, 30.2, IF(D85=7, 30.4, IF(D85=8, 28, IF(D85=9, 32.2, IF(D85=10, 30.1, IF(D85=11, 30.1, IF(D85=12, 29.2, IF(D85=13, 30.8,IF(D85=14,29.3, IF(D85=15,30.2,IF(D85=16, 30.8,IF(D85=17,30.1,IF(D85=18,29.5,IF(D85=19,28.7,IF(D85=20,30.2,IF(D85=21,31.7, "NOT LISTED"))))))))))))))))))))) -> 29.3 | K85: =J85*(H85-E85) -> 60.47813 | L85: =IF(OR(B85="P4",B85="P5",B85="EUS3",B85="EUS",B85="EUS2"),1,0.5) -> 0.5 | M85: =IF(L85 = 0.5, 0.78994,IF(L85=1, 1.33, "NOT LISTED")) -> 0.78994 | N85: =$M85^2*3.141592 -> 1.9603698 | O85: =K85*N85 -> 118.5595 | P85: =(J85*(2.5-E85))*N85 -> 118.59453 | Q85: =(999.83952+16.945176*G85-0.00798704*G85^2-0.000046170461*G85^3+0.00000010556302*G85^4-0.00000000028054253*G85^5)/(1+0.01689785*G85) -> 996.09295 | R85: =IF(I85="NA", 101325, I85*133.322368) -> 100018.44 | S85: 9.8 | T85: =G85+273.15 -> 300.45778 | U85: =(1+((Q85*S85/R85/100)*(1+0.01*K85)))*N85*(293/T85) -> 1.9147049
A86: Harsha | B86: EOF | C86: 2015-08-05 12:25 | D86: 4 | E86: 0.25214 | F86: 78.296 | G86: =CONVERT(F86,"F","C") -> 25.72 | H86: 1.28755 | I86: 750.2 | J86: =IF(D86=1, 32.2,IF(D86=2, 30.8, IF(D86=3, 29.9, IF(D86=4, 29.6, IF(D86=5, 29.9, IF(D86=6, 30.2, IF(D86=7, 30.4, IF(D86=8, 28, IF(D86=9, 32.2, IF(D86=10, 30.1, IF(D86=11, 30.1, IF(D86=12, 29.2, IF(D86=13, 30.8,IF(D86=14,29.3, IF(D86=15,30.2,IF(D86=16, 30.8,IF(D86=17,30.1,IF(D86=18,29.5,IF(D86=19,28.7,IF(D86=20,30.2,IF(D86=21,31.7, "NOT LISTED"))))))))))))))))))))) -> 29.6 | K86: =J86*(H86-E86) -> 30.648136 | L86: =IF(OR(B86="P4",B86="P5",B86="EUS3",B86="EUS",B86="EUS2"),1,0.5) -> 0.5 | M86: =IF(L86 = 0.5, 0.78994,IF(L86=1, 1.33, "NOT LISTED")) -> 0.78994 | N86: =$M86^2*3.141592 -> 1.9603698 | O86: =K86*N86 -> 60.081679 | P86: =(J86*(2.5-E86))*N86 -> 130.43645 | Q86: =(999.83952+16.945176*G86-0.00798704*G86^2-0.000046170461*G86^3+0.00000010556302*G86^4-0.00000000028054253*G86^5)/(1+0.01689785*G86) -> 996.53611 | R86: =IF(I86="NA", 101325, I86*133.322368) -> 100018.44 | S86: 9.8 | T86: =G86+273.15 -> 298.87 | U86: =(1+((Q86*S86/R86/100)*(1+0.01*K86)))*N86*(293/T86) -> 1.9243185
A87: Harsha | B87: ECP | C87: 2015-08-11 13:38 | D87: 21 | E87: 0.69475 | F87: 82.486 | G87: =CONVERT(F87,"F","C") -> 28.047778 | H87: 2.49939 | I87: 749 | J87: =IF(D87=1, 32.2,IF(D87=2, 30.8, IF(D87=3, 29.9, IF(D87=4, 29.6, IF(D87=5, 29.9, IF(D87=6, 30.2, IF(D87=7, 30.4, IF(D87=8, 28, IF(D87=9, 32.2, IF(D87=10, 30.1, IF(D87=11, 30.1, IF(D87=12, 29.2, IF(D87=13, 30.8,IF(D87=14,29.3, IF(D87=15,30.2,IF(D87=16, 30.8,IF(D87=17,30.1,IF(D87=18,29.5,IF(D87=19,28.7,IF(D87=20,30.2,IF(D87=21,31.7, "NOT LISTED"))))))))))))))))))))) -> 31.7 | K87: =J87*(H87-E87) -> 57.207088 | L87: =IF(OR(B87="P4",B87="P5",B87="EUS3",B87="EUS",B87="EUS2"),1,0.5) -> 0.5 | M87: =IF(L87 = 0.5, 0.78994,IF(L87=1, 1.33, "NOT LISTED")) -> 0.78994 | N87: =$M87^2*3.141592 -> 1.9603698 | O87: =K87*N87 -> 112.14705 | P87: =(J87*(2.5-E87))*N87 -> 112.18495 | Q87: =(999.83952+16.945176*G87-0.00798704*G87^2-0.000046170461*G87^3+0.00000010556302*G87^4-0.00000000028054253*G87^5)/(1+0.01689785*G87) -> 995.87869 | R87: =IF(I87="NA", 101325, I87*133.322368) -> 99858.454 | S87: 9.8 | T87: =G87+273.15 -> 301.19778 | U87: =(1+((Q87*S87/R87/100)*(1+0.01*K87)))*N87*(293/T87) -> 1.9099439
A88: Harsha | B88: EEB | C88: 2015-08-11 14:36 | D88: 11 | E88: 0.36752 | F88: 82.931 | G88: =CONVERT(F88,"F","C") -> 28.295 | H88: 2.49939 | I88: 749 | J88: =IF(D88=1, 32.2,IF(D88=2, 30.8, IF(D88=3, 29.9, IF(D88=4, 29.6, IF(D88=5, 29.9, IF(D88=6, 30.2, IF(D88=7, 30.4, IF(D88=8, 28, IF(D88=9, 32.2, IF(D88=10, 30.1, IF(D88=11, 30.1, IF(D88=12, 29.2, IF(D88=13, 30.8,IF(D88=14,29.3, IF(D88=15,30.2,IF(D88=16, 30.8,IF(D88=17,30.1,IF(D88=18,29.5,IF(D88=19,28.7,IF(D88=20,30.2,IF(D88=21,31.7, "NOT LISTED"))))))))))))))))))))) -> 30.1 | K88: =J88*(H88-E88) -> 64.169287 | L88: =IF(OR(B88="P4",B88="P5",B88="EUS3",B88="EUS",B88="EUS2"),1,0.5) -> 0.5 | M88: =IF(L88 = 0.5, 0.78994,IF(L88=1, 1.33, "NOT LISTED")) -> 0.78994 | N88: =$M88^2*3.141592 -> 1.9603698 | O88: =K88*N88 -> 125.79553 | P88: =(J88*(2.5-E88))*N88 -> 125.83152 | Q88: =(999.83952+16.945176*G88-0.00798704*G88^2-0.000046170461*G88^3+0.00000010556302*G88^4-0.00000000028054253*G88^5)/(1+0.01689785*G88) -> 995.80603 | R88: =IF(I88="NA", 101325, I88*133.322368) -> 99858.454 | S88: 9.8 | T88: =G88+273.15 -> 301.445 | U88: =(1+((Q88*S88/R88/100)*(1+0.01*K88)))*N88*(293/T88) -> 1.9085069
A89: Harsha | B89: ENN | C89: 2015-08-11 14:09 | D89: 3 | E89: 0.68132 | F89: 83.601 | G89: =CONVERT(F89,"F","C") -> 28.667222 | H89: 2.49939 | I89: 749 | J89: =IF(D89=1, 32.2,IF(D89=2, 30.8, IF(D89=3, 29.9, IF(D89=4, 29.6, IF(D89=5, 29.9, IF(D89=6, 30.2, IF(D89=7, 30.4, IF(D89=8, 28, IF(D89=9, 32.2, IF(D89=10, 30.1, IF(D89=11, 30.1, IF(D89=12, 29.2, IF(D89=13, 30.8,IF(D89=14,29.3, IF(D89=15,30.2,IF(D89=16, 30.8,IF(D89=17,30.1,IF(D89=18,29.5,IF(D89=19,28.7,IF(D89=20,30.2,IF(D89=21,31.7, "NOT LISTED"))))))))))))))))))))) -> 29.9 | K89: =J89*(H89-E89) -> 54.360293 | L89: =IF(OR(B89="P4",B89="P5",B89="EUS3",B89="EUS",B89="EUS2"),1,0.5) -> 0.5 | M89: =IF(L89 = 0.5, 0.78994,IF(L89=1, 1.33, "NOT LISTED")) -> 0.78994 | N89: =$M89^2*3.141592 -> 1.9603698 | O89: =K89*N89 -> 106.56627 | P89: =(J89*(2.5-E89))*N89 -> 106.60203 | Q89: =(999.83952+16.945176*G89-0.00798704*G89^2-0.000046170461*G89^3+0.00000010556302*G89^4-0.00000000028054253*G89^5)/(1+0.01689785*G89) -> 995.69563 | R89: =IF(I89="NA", 101325, I89*133.322368) -> 99858.454 | S89: 9.8 | T89: =G89+273.15 -> 301.81722 | U89: =(1+((Q89*S89/R89/100)*(1+0.01*K89)))*N89*(293/T89) -> 1.9059705
A90: Harsha | B90: EUS | C90: 2015-08-11 12:01 | D90: 16 | E90: 0.26740 | F90: 86.164 | G90: =CONVERT(F90,"F","C") -> 30.091111 | H90: 2.49939 | I90: 749 | J90: =IF(D90=1, 32.2,IF(D90=2, 30.8, IF(D90=3, 29.9, IF(D90=4, 29.6, IF(D90=5, 29.9, IF(D90=6, 30.2, IF(D90=7, 30.4, IF(D90=8, 28, IF(D90=9, 32.2, IF(D90=10, 30.1, IF(D90=11, 30.1, IF(D90=12, 29.2, IF(D90=13, 30.8,IF(D90=14,29.3, IF(D90=15,30.2,IF(D90=16, 30.8,IF(D90=17,30.1,IF(D90=18,29.5,IF(D90=19,28.7,IF(D90=20,30.2,IF(D90=21,31.7, "NOT LISTED"))))))))))))))))))))) -> 30.8 | K90: =J90*(H90-E90) -> 68.745292 | L90: =IF(OR(B90="P4",B90="P5",B90="EUS3",B90="EUS",B90="EUS2"),1,0.5) -> 1 | M90: =IF(L90 = 0.5, 0.78994,IF(L90=1, 1.33, "NOT LISTED")) -> 1.33 | N90: =$M90^2*3.141592 -> 5.5571621 | O90: =K90*N90 -> 382.02873 | P90: =(J90*(2.5-E90))*N90 -> 382.13314 | Q90: =(999.83952+16.945176*G90-0.00798704*G90^2-0.000046170461*G90^3+0.00000010556302*G90^4-0.00000000028054253*G90^5)/(1+0.01689785*G90) -> 995.26222 | R90: =IF(I90="NA", 101325, I90*133.322368) -> 99858.454 | S90: 9.8 | T90: =G90+273.15 -> 303.24111 | U90: =(1+((Q90*S90/R90/100)*(1+0.01*K90)))*N90*(293/T90) -> 5.3783346
A91: Harsha | B91: EUS2 | C91: 2015-08-11 12:38 | D91: 5 | E91: 0.10379 | F91: 83.199 | G91: =CONVERT(F91,"F","C") -> 28.443889 | H91: 2.49939 | I91: 749 | J91: =IF(D91=1, 32.2,IF(D91=2, 30.8, IF(D91=3, 29.9, IF(D91=4, 29.6, IF(D91=5, 29.9, IF(D91=6, 30.2, IF(D91=7, 30.4, IF(D91=8, 28, IF(D91=9, 32.2, IF(D91=10, 30.1, IF(D91=11, 30.1, IF(D91=12, 29.2, IF(D91=13, 30.8,IF(D91=14,29.3, IF(D91=15,30.2,IF(D91=16, 30.8,IF(D91=17,30.1,IF(D91=18,29.5,IF(D91=19,28.7,IF(D91=20,30.2,IF(D91=21,31.7, "NOT LISTED"))))))))))))))))))))) -> 29.9 | K91: =J91*(H91-E91) -> 71.62844 | L91: =IF(OR(B91="P4",B91="P5",B91="EUS3",B91="EUS",B91="EUS2"),1,0.5) -> 1 | M91: =IF(L91 = 0.5, 0.78994,IF(L91=1, 1.33, "NOT LISTED")) -> 1.33 | N91: =$M91^2*3.141592 -> 5.5571621 | O91: =K91*N91 -> 398.05085 | P91: =(J91*(2.5-E91))*N91 -> 398.15221 | Q91: =(999.83952+16.945176*G91-0.00798704*G91^2-0.000046170461*G91^3+0.00000010556302*G91^4-0.00000000028054253*G91^5)/(1+0.01689785*G91) -> 995.76202 | R91: =IF(I91="NA", 101325, I91*133.322368) -> 99858.454 | S91: 9.8 | T91: =G91+273.15 -> 301.59389 | U91: =(1+((Q91*S91/R91/100)*(1+0.01*K91)))*N91*(293/T91) -> 5.4078662
A92: Harsha | B92: EUS3 | C92: 2015-08-11 11:23 | D92: 18 | E92: 0.24237 | F92: 85.802 | G92: =CONVERT(F92,"F","C") -> 29.89 | H92: 2.49939 | I92: 749 | J92: =IF(D92=1, 32.2,IF(D92=2, 30.8, IF(D92=3, 29.9, IF(D92=4, 29.6, IF(D92=5, 29.9, IF(D92=6, 30.2, IF(D92=7, 30.4, IF(D92=8, 28, IF(D92=9, 32.2, IF(D92=10, 30.1, IF(D92=11, 30.1, IF(D92=12, 29.2, IF(D92=13, 30.8,IF(D92=14,29.3, IF(D92=15,30.2,IF(D92=16, 30.8,IF(D92=17,30.1,IF(D92=18,29.5,IF(D92=19,28.7,IF(D92=20,30.2,IF(D92=21,31.7, "NOT LISTED"))))))))))))))))))))) -> 29.5 | K92: =J92*(H92-E92) -> 66.58209 | L92: =IF(OR(B92="P4",B92="P5",B92="EUS3",B92="EUS",B92="EUS2"),1,0.5) -> 1 | M92: =IF(L92 = 0.5, 0.78994,IF(L92=1, 1.33, "NOT LISTED")) -> 1.33 | N92: =$M92^2*3.141592 -> 5.5571621 | O92: =K92*N92 -> 370.00747 | P92: =(J92*(2.5-E92))*N92 -> 370.10747 | Q92: =(999.83952+16.945176*G92-0.00798704*G92^2-0.000046170461*G92^3+0.00000010556302*G92^4-0.00000000028054253*G92^5)/(1+0.01689785*G92) -> 995.32449 | R92: =IF(I92="NA", 101325, I92*133.322368) -> 99858.454 | S92: 9.8 | T92: =G92+273.15 -> 303.04 | U92: =(1+((Q92*S92/R92/100)*(1+0.01*K92)))*N92*(293/T92) -> 5.381791
A93: Harsha | B93: EFL | C93: 2015-08-12 11:50 | D93: 9 | E93: 0.28877 | F93: 82.2 | G93: =CONVERT(F93,"F","C") -> 27.888889 | H93: 2.499 | I93: NA | J93: =IF(D93=1, 32.2,IF(D93=2, 30.8, IF(D93=3, 29.9, IF(D93=4, 29.6, IF(D93=5, 29.9, IF(D93=6, 30.2, IF(D93=7, 30.4, IF(D93=8, 28, IF(D93=9, 32.2, IF(D93=10, 30.1, IF(D93=11, 30.1, IF(D93=12, 29.2, IF(D93=13, 30.8,IF(D93=14,29.3, IF(D93=15,30.2,IF(D93=16, 30.8,IF(D93=17,30.1,IF(D93=18,29.5,IF(D93=19,28.7,IF(D93=20,30.2,IF(D93=21,31.7, "NOT LISTED"))))))))))))))))))))) -> 32.2 | K93: =J93*(H93-E93) -> 71.169406 | L93: =IF(OR(B93="P4",B93="P5",B93="EUS3",B93="EUS",B93="EUS2"),1,0.5) -> 0.5 | M93: =IF(L93 = 0.5, 0.78994,IF(L93=1, 1.33, "NOT LISTED")) -> 0.78994 | N93: =$M93^2*3.141592 -> 1.9603698 | O93: =K93*N93 -> 139.51835 | P93: =(J93*(2.5-E93))*N93 -> 139.58147 | Q93: =(999.83952+16.945176*G93-0.00798704*G93^2-0.000046170461*G93^3+0.00000010556302*G93^4-0.00000000028054253*G93^5)/(1+0.01689785*G93) -> 995.92511 | R93: =IF(I93="NA", 101325, I93*133.322368) -> 101325 | S93: 10.8 | T93: =G93+273.15 -> 301.03889 | U93: =(1+((Q93*S93/R93/100)*(1+0.01*K93)))*N93*(293/T93) -> 1.9114873
A94: Harsha | B94: EMB | C94: 2015-08-12 13:19 | D94: 14 | E94: 0.36813 | F94: 80.7 | G94: =CONVERT(F94,"F","C") -> 27.055556 | H94: 2.499 | I94: NA | J94: =IF(D94=1, 32.2,IF(D94=2, 30.8, IF(D94=3, 29.9, IF(D94=4, 29.6, IF(D94=5, 29.9, IF(D94=6, 30.2, IF(D94=7, 30.4, IF(D94=8, 28, IF(D94=9, 32.2, IF(D94=10, 30.1, IF(D94=11, 30.1, IF(D94=12, 29.2, IF(D94=13, 30.8,IF(D94=14,29.3, IF(D94=15,30.2,IF(D94=16, 30.8,IF(D94=17,30.1,IF(D94=18,29.5,IF(D94=19,28.7,IF(D94=20,30.2,IF(D94=21,31.7, "NOT LISTED"))))))))))))))))))))) -> 29.3 | K94: =J94*(H94-E94) -> 62.434491 | L94: =IF(OR(B94="P4",B94="P5",B94="EUS3",B94="EUS",B94="EUS2"),1,0.5) -> 0.5 | M94: =IF(L94 = 0.5, 0.78994,IF(L94=1, 1.33, "NOT LISTED")) -> 0.78994 | N94: =$M94^2*3.141592 -> 1.9603698 | O94: =K94*N94 -> 122.39469 | P94: =(J94*(2.5-E94))*N94 -> 122.45213 | Q94: =(999.83952+16.945176*G94-0.00798704*G94^2-0.000046170461*G94^3+0.00000010556302*G94^4-0.00000000028054253*G94^5)/(1+0.01689785*G94) -> 996.16487 | R94: =IF(I94="NA", 101325, I94*133.322368) -> 101325 | S94: 11.8 | T94: =G94+273.15 -> 300.20556 | U94: =(1+((Q94*S94/R94/100)*(1+0.01*K94)))*N94*(293/T94) -> 1.9169223
A95: Harsha | B95: EOF | C95: 2015-08-12 14:04 | D95: 4 | E95: 0.384 | F95: 80.9 | G95: =CONVERT(F95,"F","C") -> 27.166667 | H95: 2.499 | I95: NA | J95: =IF(D95=1, 32.2,IF(D95=2, 30.8, IF(D95=3, 29.9, IF(D95=4, 29.6, IF(D95=5, 29.9, IF(D95=6, 30.2, IF(D95=7, 30.4, IF(D95=8, 28, IF(D95=9, 32.2, IF(D95=10, 30.1, IF(D95=11, 30.1, IF(D95=12, 29.2, IF(D95=13, 30.8,IF(D95=14,29.3, IF(D95=15,30.2,IF(D95=16, 30.8,IF(D95=17,30.1,IF(D95=18,29.5,IF(D95=19,28.7,IF(D95=20,30.2,IF(D95=21,31.7, "NOT LISTED"))))))))))))))))))))) -> 29.6 | K95: =J95*(H95-E95) -> 62.604 | L95: =IF(OR(B95="P4",B95="P5",B95="EUS3",B95="EUS",B95="EUS2"),1,0.5) -> 0.5 | M95: =IF(L95 = 0.5, 0.78994,IF(L95=1, 1.33, "NOT LISTED")) -> 0.78994 | N95: =$M95^2*3.141592 -> 1.9603698 | O95: =K95*N95 -> 122.72699 | P95: =(J95*(2.5-E95))*N95 -> 122.78502 | Q95: =(999.83952+16.945176*G95-0.00798704*G95^2-0.000046170461*G95^3+0.00000010556302*G95^4-0.00000000028054253*G95^5)/(1+0.01689785*G95) -> 996.13325 | R95: =IF(I95="NA", 101325, I95*133.322368) -> 101325 | S95: 12.8 | T95: =G95+273.15 -> 300.31667 | U95: =(1+((Q95*S95/R95/100)*(1+0.01*K95)))*N95*(293/T95) -> 1.9165225
A96: Harsha | B96: EUS3 | C96: 2015-08-17 11:53 | D96: 18 | E96: 0.24847 | F96: 83.779 | G96: =CONVERT(F96,"F","C") -> 28.766111 | H96: 2.499 | I96: 745.8 | J96: =IF(D96=1, 32.2,IF(D96=2, 30.8, IF(D96=3, 29.9, IF(D96=4, 29.6, IF(D96=5, 29.9, IF(D96=6, 30.2, IF(D96=7, 30.4, IF(D96=8, 28, IF(D96=9, 32.2, IF(D96=10, 30.1, IF(D96=11, 30.1, IF(D96=12, 29.2, IF(D96=13, 30.8,IF(D96=14,29.3, IF(D96=15,30.2,IF(D96=16, 30.8,IF(D96=17,30.1,IF(D96=18,29.5,IF(D96=19,28.7,IF(D96=20,30.2,IF(D96=21,31.7, "NOT LISTED"))))))))))))))))))))) -> 29.5 | K96: =J96*(H96-E96) -> 66.390635 | L96: =IF(OR(B96="P4",B96="P5",B96="EUS3",B96="EUS",B96="EUS2"),1,0.5) -> 1 | M96: =IF(L96 = 0.5, 0.78994,IF(L96=1, 1.33, "NOT LISTED")) -> 1.33 | N96: =$M96^2*3.141592 -> 5.5571621 | O96: =K96*N96 -> 368.94352 | P96: =(J96*(2.5-E96))*N96 -> 369.10746 | Q96: =(999.83952+16.945176*G96-0.00798704*G96^2-0.000046170461*G96^3+0.00000010556302*G96^4-0.00000000028054253*G96^5)/(1+0.01689785*G96) -> 995.6661 | R96: =IF(I96="NA", 101325, I96*133.322368) -> 99431.822 | S96: 13.8 | T96: =G96+273.15 -> 301.91611 | U96: =(1+((Q96*S96/R96/100)*(1+0.01*K96)))*N96*(293/T96) -> 5.4054496
A97: Harsha | B97: EUS | C97: 2015-08-17 12:40 | D97: 16 | E97: 0.23687 | F97: 82.2 | G97: =CONVERT(F97,"F","C") -> 27.888889 | H97: 2.499 | I97: 745.8 | J97: =IF(D97=1, 32.2,IF(D97=2, 30.8, IF(D97=3, 29.9, IF(D97=4, 29.6, IF(D97=5, 29.9, IF(D97=6, 30.2, IF(D97=7, 30.4, IF(D97=8, 28, IF(D97=9, 32.2, IF(D97=10, 30.1, IF(D97=11, 30.1, IF(D97=12, 29.2, IF(D97=13, 30.8,IF(D97=14,29.3, IF(D97=15,30.2,IF(D97=16, 30.8,IF(D97=17,30.1,IF(D97=18,29.5,IF(D97=19,28.7,IF(D97=20,30.2,IF(D97=21,31.7, "NOT LISTED"))))))))))))))))))))) -> 30.8 | K97: =J97*(H97-E97) -> 69.673604 | L97: =IF(OR(B97="P4",B97="P5",B97="EUS3",B97="EUS",B97="EUS2"),1,0.5) -> 1 | M97: =IF(L97 = 0.5, 0.78994,IF(L97=1, 1.33, "NOT LISTED")) -> 1.33 | N97: =$M97^2*3.141592 -> 5.5571621 | O97: =K97*N97 -> 387.18751 | P97: =(J97*(2.5-E97))*N97 -> 387.35867 | Q97: =(999.83952+16.945176*G97-0.00798704*G97^2-0.000046170461*G97^3+0.00000010556302*G97^4-0.00000000028054253*G97^5)/(1+0.01689785*G97) -> 995.92511 | R97: =IF(I97="NA", 101325, I97*133.322368) -> 99431.822 | S97: 14.8 | T97: =G97+273.15 -> 301.03889 | U97: =(1+((Q97*S97/R97/100)*(1+0.01*K97)))*N97*(293/T97) -> 5.4223689
A98: Harsha | B98: EUS2 | C98: 2015-08-17 13:09 | D98: 5 | E98: 0 | F98: 82.1 | G98: =CONVERT(F98,"F","C") -> 27.833333 | H98: 2.499 | I98: 745.8 | J98: =IF(D98=1, 32.2,IF(D98=2, 30.8, IF(D98=3, 29.9, IF(D98=4, 29.6, IF(D98=5, 29.9, IF(D98=6, 30.2, IF(D98=7, 30.4, IF(D98=8, 28, IF(D98=9, 32.2, IF(D98=10, 30.1, IF(D98=11, 30.1, IF(D98=12, 29.2, IF(D98=13, 30.8,IF(D98=14,29.3, IF(D98=15,30.2,IF(D98=16, 30.8,IF(D98=17,30.1,IF(D98=18,29.5,IF(D98=19,28.7,IF(D98=20,30.2,IF(D98=21,31.7, "NOT LISTED"))))))))))))))))))))) -> 29.9 | K98: =J98*(H98-E98) -> 74.7201 | L98: =IF(OR(B98="P4",B98="P5",B98="EUS3",B98="EUS",B98="EUS2"),1,0.5) -> 1 | M98: =IF(L98 = 0.5, 0.78994,IF(L98=1, 1.33, "NOT LISTED")) -> 1.33 | N98: =$M98^2*3.141592 -> 5.5571621 | O98: =K98*N98 -> 415.23171 | P98: =(J98*(2.5-E98))*N98 -> 415.39787 | Q98: =(999.83952+16.945176*G98-0.00798704*G98^2-0.000046170461*G98^3+0.00000010556302*G98^4-0.00000000028054253*G98^5)/(1+0.01689785*G98) -> 995.94128 | R98: =IF(I98="NA", 101325, I98*133.322368) -> 99431.822 | S98: 15.8 | T98: =G98+273.15 -> 300.98333 | U98: =(1+((Q98*S98/R98/100)*(1+0.01*K98)))*N98*(293/T98) -> 5.4247214
A99: Harsha | B99: ENN | C99: 2015-08-17 14:07 | D99: 3 | E99: 0.606 | F99: 80.4 | G99: =CONVERT(F99,"F","C") -> 26.888889 | H99: 2.499 | I99: 745.8 | J99: =IF(D99=1, 32.2,IF(D99=2, 30.8, IF(D99=3, 29.9, IF(D99=4, 29.6, IF(D99=5, 29.9, IF(D99=6, 30.2, IF(D99=7, 30.4, IF(D99=8, 28, IF(D99=9, 32.2, IF(D99=10, 30.1, IF(D99=11, 30.1, IF(D99=12, 29.2, IF(D99=13, 30.8,IF(D99=14,29.3, IF(D99=15,30.2,IF(D99=16, 30.8,IF(D99=17,30.1,IF(D99=18,29.5,IF(D99=19,28.7,IF(D99=20,30.2,IF(D99=21,31.7, "NOT LISTED"))))))))))))))))))))) -> 29.9 | K99: =J99*(H99-E99) -> 56.6007 | L99: =IF(OR(B99="P4",B99="P5",B99="EUS3",B99="EUS",B99="EUS2"),1,0.5) -> 0.5 | M99: =IF(L99 = 0.5, 0.78994,IF(L99=1, 1.33, "NOT LISTED")) -> 0.78994 | N99: =$M99^2*3.141592 -> 1.9603698 | O99: =K99*N99 -> 110.9583 | P99: =(J99*(2.5-E99))*N99 -> 111.01692 | Q99: =(999.83952+16.945176*G99-0.00798704*G99^2-0.000046170461*G99^3+0.00000010556302*G99^4-0.00000000028054253*G99^5)/(1+0.01689785*G99) -> 996.21207 | R99: =IF(I99="NA", 101325, I99*133.322368) -> 99431.822 | S99: 16.8 | T99: =G99+273.15 -> 300.03889 | U99: =(1+((Q99*S99/R99/100)*(1+0.01*K99)))*N99*(293/T99) -> 1.9194258
A100: Harsha | B100: ECP | C100: 2015-08-17 14:38 | D100: 21 | E100: 0.71 | F100: 80.4 | G100: =CONVERT(F100,"F","C") -> 26.888889 | H100: 2.499 | I100: 745.8 | J100: =IF(D100=1, 32.2,IF(D100=2, 30.8, IF(D100=3, 29.9, IF(D100=4, 29.6, IF(D100=5, 29.9, IF(D100=6, 30.2, IF(D100=7, 30.4, IF(D100=8, 28, IF(D100=9, 32.2, IF(D100=10, 30.1, IF(D100=11, 30.1, IF(D100=12, 29.2, IF(D100=13, 30.8,IF(D100=14,29.3, IF(D100=15,30.2,IF(D100=16, 30.8,IF(D100=17,30.1,IF(D100=18,29.5,IF(D100=19,28.7,IF(D100=20,30.2,IF(D100=21,31.7, "NOT LISTED"))))))))))))))))))))) -> 31.7 | K100: =J100*(H100-E100) -> 56.7113 | L100: =IF(OR(B100="P4",B100="P5",B100="EUS3",B100="EUS",B100="EUS2"),1,0.5) -> 0.5 | M100: =IF(L100 = 0.5, 0.78994,IF(L100=1, 1.33, "NOT LISTED")) -> 0.78994 | N100: =$M100^2*3.141592 -> 1.9603698 | O100: =K100*N100 -> 111.17512 | P100: =(J100*(2.5-E100))*N100 -> 111.23726 | Q100: =(999.83952+16.945176*G100-0.00798704*G100^2-0.000046170461*G100^3+0.00000010556302*G100^4-0.00000000028054253*G100^5)/(1+0.01689785*G100) -> 996.21207 | R100: =IF(I100="NA", 101325, I100*133.322368) -> 99431.822 | S100: 17.8 | T100: =G100+273.15 -> 300.03889 | U100: =(1+((Q100*S100/R100/100)*(1+0.01*K100)))*N100*(293/T100) -> 1.9197299
A101: Harsha | B101: EEB | C101: 2015-08-17 14:59 | D101: 11 | E101: 0.343 | F101: 80.2 | G101: =CONVERT(F101,"F","C") -> 26.777778 | H101: 2.499 | I101: 745.8 | J101: =IF(D101=1, 32.2,IF(D101=2, 30.8, IF(D101=3, 29.9, IF(D101=4, 29.6, IF(D101=5, 29.9, IF(D101=6, 30.2, IF(D101=7, 30.4, IF(D101=8, 28, IF(D101=9, 32.2, IF(D101=10, 30.1, IF(D101=11, 30.1, IF(D101=12, 29.2, IF(D101=13, 30.8,IF(D101=14,29.3, IF(D101=15,30.2,IF(D101=16, 30.8,IF(D101=17,30.1,IF(D101=18,29.5,IF(D101=19,28.7,IF(D101=20,30.2,IF(D101=21,31.7, "NOT LISTED"))))))))))))))))))))) -> 30.1 | K101: =J101*(H101-E101) -> 64.8956 | L101: =IF(OR(B101="P4",B101="P5",B101="EUS3",B101="EUS",B101="EUS2"),1,0.5) -> 0.5 | M101: =IF(L101 = 0.5, 0.78994,IF(L101=1, 1.33, "NOT LISTED")) -> 0.78994 | N101: =$M101^2*3.141592 -> 1.9603698 | O101: =K101*N101 -> 127.21937 | P101: =(J101*(2.5-E101))*N101 -> 127.27838 | Q101: =(999.83952+16.945176*G101-0.00798704*G101^2-0.000046170461*G101^3+0.00000010556302*G101^4-0.00000000028054253*G101^5)/(1+0.01689785*G101) -> 996.24341 | R101: =IF(I101="NA", 101325, I101*133.322368) -> 99431.822 | S101: 18.8 | T101: =G101+273.15 -> 299.92778 | U101: =(1+((Q101*S101/R101/100)*(1+0.01*K101)))*N101*(293/T101) -> 1.9210372
A102: Harsha | B102: EFL | C102: 2015-08-20 11:45 | D102: 2 | E102: NA | F102: 78.08 | G102: =CONVERT(F102,"F","C") -> 25.6 | H102: NA | I102: 748.3 | J102: =IF(D102=1, 32.2,IF(D102=2, 30.8, IF(D102=3, 29.9, IF(D102=4, 29.6, IF(D102=5, 29.9, IF(D102=6, 30.2, IF(D102=7, 30.4, IF(D102=8, 28, IF(D102=9, 32.2, IF(D102=10, 30.1, IF(D102=11, 30.1, IF(D102=12, 29.2, IF(D102=13, 30.8,IF(D102=14,29.3, IF(D102=15,30.2,IF(D102=16, 30.8,IF(D102=17,30.1,IF(D102=18,29.5,IF(D102=19,28.7,IF(D102=20,30.2,IF(D102=21,31.7, "NOT LISTED"))))))))))))))))))))) -> 30.8 | K102: =J102*(H102-E102) -> #VALUE! | L102: =IF(OR(B102="P4",B102="P5",B102="EUS3",B102="EUS",B102="EUS2"),1,0.5) -> 0.5 | M102: =IF(L102 = 0.5, 0.78994,IF(L102=1, 1.33, "NOT LISTED")) -> 0.78994 | N102: =$M102^2*3.141592 -> 1.9603698 | O102: NA | P102: NA | Q102: =(999.83952+16.945176*G102-0.00798704*G102^2-0.000046170461*G102^3+0.00000010556302*G102^4-0.00000000028054253*G102^5)/(1+0.01689785*G102) -> 996.56867 | R102: =IF(I102="NA", 101325, I102*133.322368) -> 99765.128 | S102: 19.8 | T102: =G102+273.15 -> 298.75 | U102: NA
A103: Harsha | B103: EMB | C103: 2015-08-20 12:30 | D103: 14 | E103: 0.47 | F103: 78.8 | G103: =CONVERT(F103,"F","C") -> 26 | H103: 2.499 | I103: 748.3 | J103: =IF(D103=1, 32.2,IF(D103=2, 30.8, IF(D103=3, 29.9, IF(D103=4, 29.6, IF(D103=5, 29.9, IF(D103=6, 30.2, IF(D103=7, 30.4, IF(D103=8, 28, IF(D103=9, 32.2, IF(D103=10, 30.1, IF(D103=11, 30.1, IF(D103=12, 29.2, IF(D103=13, 30.8,IF(D103=14,29.3, IF(D103=15,30.2,IF(D103=16, 30.8,IF(D103=17,30.1,IF(D103=18,29.5,IF(D103=19,28.7,IF(D103=20,30.2,IF(D103=21,31.7, "NOT LISTED"))))))))))))))))))))) -> 29.3 | K103: =J103*(H103-E103) -> 59.4497 | L103: =IF(OR(B103="P4",B103="P5",B103="EUS3",B103="EUS",B103="EUS2"),1,0.5) -> 0.5 | M103: =IF(L103 = 0.5, 0.78994,IF(L103=1, 1.33, "NOT LISTED")) -> 0.78994 | N103: =$M103^2*3.141592 -> 1.9603698 | O103: =K103*N103 -> 116.54339 | P103: =(J103*(2.5-E103))*N103 -> 116.60083 | Q103: =(999.83952+16.945176*G103-0.00798704*G103^2-0.000046170461*G103^3+0.00000010556302*G103^4-0.00000000028054253*G103^5)/(1+0.01689785*G103) -> 996.45962 | R103: =IF(I103="NA", 101325, I103*133.322368) -> 99765.128 | S103: 20.8 | T103: =G103+273.15 -> 299.15 | U103: =(1+((Q103*S103/R103/100)*(1+0.01*K103)))*N103*(293/T103) -> 1.9264284
...

Sheet sondeData
A1: Lake | B1: Site | C1: Sample.Date | D1: Sample.depth.ft | E1: Temp.C | F1: DO.percent | G1: DO.mg/L | H1: sp.Cond.us/cm | I1: pH | J1: ORP | K1: Turbidity.nt
A2: Harsha | B2: EEB | C2: 2015-06-10 | D2: 0.95 | E2: 25.72 | F2: 216.1 | G2: 17.61 | H2: 259 | I2: 6.66 | J2: NA | K2: 21.1
A3: Harsha | B3: EEB | C3: 2015-06-10 | D3: 37.11 | E3: 13.28 | F3: 3.8 | G3: 0.39 | H3: 275 | I3: 6.59 | J3: NA | K3: 47
A4: Harsha | B4: EUS3 | C4: 2015-06-10 | D4: 1.64 | E4: 25.7 | F4: 205.4 | G4: 16.09 | H4: 306 | I4: 11.36 | J4: NA | K4: 43
A5: Harsha | B5: EUS3 | C5: 2015-06-10 | D5: 7.2 | E5: 23.76 | F5: 57.1 | G5: 4.8 | H5: 318 | I5: 10.86 | J5: NA | K5: 41.4
A6: CJ Brown | B6: P1 | C6: 2015-06-24 | D6: 5.82 | E6: 25.05 | F6: 146.2 | G6: 12.08 | H6: 438 | I6: 8.69 | J6: NA | K6: 8.7
A7: CJ Brown | B7: P1 | C7: 2015-06-24 | D7: 9.11 | E7: 24.89 | F7: 121.5 | G7: 10.04 | H7: 441 | I7: 8.53 | J7: NA | K7: 7.7
A8: CJ Brown | B8: P1 | C8: 2015-06-24 | D8: 12.42 | E8: 24.82 | F8: 107.3 | G8: 8.93 | H8: 443 | I8: 8.38 | J8: NA | K8: 8.1
A9: CJ Brown | B9: P1 | C9: 2015-06-24 | D9: 15.68 | E9: 23.69 | F9: 50.6 | G9: 4.28 | H9: 451 | I9: 7.97 | J9: NA | K9: 6.7
A10: CJ Brown | B10: P1 | C10: 2015-06-24 | D10: 19.02 | E10: 23.19 | F10: 33.7 | G10: 2.88 | H10: 450 | I10: 7.79 | J10: NA | K10: 6.6
A11: CJ Brown | B11: P1 | C11: 2015-06-24 | D11: 22.2 | E11: 21.75 | F11: 7.6 | G11: 0.68 | H11: 430 | I11: 7.66 | J11: NA | K11: 7.4
A12: CJ Brown | B12: P1 | C12: 2015-06-24 | D12: 25.5 | E12: 20.04 | F12: 1.2 | G12: 0.11 | H12: 475 | I12: 7.63 | J12: NA | K12: 7.4
A13: CJ Brown | B13: P1 | C13: 2015-06-24 | D13: 28.74 | E13: 18.71 | F13: 1.1 | G13: 0.1 | H13: 500 | I13: 7.6 | J13: NA | K13: 4.3
... A31: Harsha | B31: EMB | C31: 2015-07-06 | D31: 21.25 | E31: 13.22 | F31: 18.5 | G31: 1.94 | H31: 266 | I31: 8.18 | J31: NA | K31: 12.5
A32: Harsha | B32: EOF | C32: 2015-07-06 | D32: 0.3 | E32: 25.47 | F32: NA | G32: NA | H32: NA | I32: NA | J32: NA | K32: NA
A33: Harsha | B33: EOF | C33: 2015-07-06 | D33: 3.28 | E33: 25.47 | F33: 207.4 | G33: 16.98 | H33: 232 | I33: 9.6 | J33: NA | K33: 17.3
A34: Harsha | B34: EOF | C34: 2015-07-06 | D34: 14.11 | E34: 23.72 | F34: 15.8 | G34: 1.34 | H34: 249 | I34: 7.78 | J34: NA | K34: 3.1
A35: Harsha | B35: EOF | C35: 2015-07-06 | D35: 24.93 | E35: 22.21 | F35: 1.7 | G35: 0.15 | H35: 249 | I35: 7.65 | J35: NA | K35: 5
A36: Harsha | B36: EOF | C36: 2015-07-06 | D36: 35.76 | E36: 20.68 | F36: 1.7 | G36: 0.16 | H36: 244 | I36: 7.67 | J36: NA | K36: 6.4
A37: Harsha | B37: EOF | C37: 2015-07-06 | D37: 46.59 | E37: 17.54 | F37: 1.6 | G37: 0.15 | H37: 235 | I37: 7.72 | J37: NA | K37: 13.1
A38: Harsha | B38: EOF | C38: 2015-07-06 | D38: 57.41 | E38: 14.53 | F38: 1.4 | G38: 0.14 | H38: 225 | I38: 7.75 | J38: NA | K38: 13.4
A39: Harsha | B39: EOF | C39: 2015-07-06 | D39: 68.24 | E39: 13.36 | F39: 1.8 | G39: 0.19 | H39: 234 | I39: 7.8 | J39: NA | K39: 11.6
A40: Harsha | B40: EOF | C40: 2015-07-06 | D40: 79 | E40: 12.54 | F40: 2.2 | G40: 0.23 | H40: 239 | I40: 7.86 | J40: NA | K40: 11.4
A41: Harsha | B41: EOF | C41: 2015-07-06 | D41: 89.9 | E41: 11.38 | F41: 3.7 | G41: 0.4 | H41: 239 | I41: 7.96 | J41: NA | K41: 13.9
A42: Harsha | B42: EOF | C42: 2015-07-06 | D42: 100.72 | E42: 10.12 | F42: 7.7 | G42: 0.87 | H42: 252 | I42: 8.05 | J42: NA | K42: 28.9
A43: CJ Brown | B43: P1 | C43: 2015-07-08 | D43: 0.118 | E43: 23.48 | F43: 91 | G43: 7.72 | H43: 441 | I43: 8.51 | J43: NA | K43: 2.9
A44: CJ Brown | B44: P1 | C44: 2015-07-08 | D44: 29.95 | E44: 20.35 | F44: 4.8 | G44: 0.42 | H44: 491 | I44: 7.73 | J44: NA | K44: 4.7
... A56: Harsha | B56: EUS | C56: 2015-07-15 | D56: 15.118 | E56: 22.73 | F56: 79.3 | G56: 6.83 | H56: 168 | I56: 7.97 | J56: NA | K56: 132.8
A57: Harsha | B57: EFL | C57: 2015-07-16 | D57: 0.1 | E57: 26.2 | F57: 208 | G57: 16.1 | H57: 260 | I57: 9.73 | J57: -991.3 | K57: 17.2
A58: Harsha | B58: EFL | C58: 2015-07-16 | D58: 50 | E58: 22.1 | F58: 5.8 | G58: 0.5 | H58: 235 | I58: 8.51 | J58: -964 | K58: 11.7
A59: Harsha | B59: EOF | C59: 2015-07-16 | D59: 0.1 | E59: 28.6 | F59: 252.9 | G59: 19.69 | H59: 236 | I59: 9.85 | J59: -1000 | K59: 23.6
A60: Harsha | B60: EOF | C60: 2015-07-16 | D60: =CONVERT(33,"m","ft") -> 108.26772 | E60: 12.81 | F60: 5 | G60: 0.53 | H60: 253 | I60: 7.88 | J60: -990.7 | K60: 21.1
A61: Harsha | B61: EUS2 | C61: 2015-07-16 | D61: 0.1 | E61: 25.37 | F61: 110.5 | G61: 9.03 | H61: 226 | I61: 8.83 | J61: NA | K61: 19.3
A62: Harsha | B62: EUS2 | C62: 2015-07-16 | D62: 13.3 | E62: 22.66 | F62: 71.2 | G62: 6.15 | H62: 165 | I62: 8.06 | J62: -970 | K62: 91.4
A63: Harsha | B63: ECP | C63: 2015-07-22 | D63: 1.03 | E63: 28.64 | F63: 175.5 | G63: 13.56 | H63: 210 | I63: 9.18 | J63: -997.8 | K63: 17.1
A64: Harsha | B64: ECP | C64: 2015-07-22 | D64: 37.158 | E64: 23.47 | F64: 40.6 | G64: 3.42 | H64: 160 | I64: 8.02 | J64: -970.7 | K64: 51.5
A65: Harsha | B65: EEB | C65: 2015-07-22 | D65: 1.087 | E65: 27.54 | F65: 177.5 | G65: 13.97 | H65: 209 | I65: 9.12 | J65: -987.5 | K65: 19.1
A66: Harsha | B66: EEB | C66: 2015-07-22 | D66: 43.182 | E66: 23.2 | F66: 21.9 | G66: 1.87 | H66: 159 | I66: 7.68 | J66: -967.6 | K66: 30.9
A67: Harsha | B67: ENN | C67: 2015-07-22 | D67: 1.007 | E67: 28.53 | F67: 164.7 | G67: 13.12 | H67: 209 | I67: 9.16 | J67: -1007.1 | K67: 19.1
A68: Harsha | B68: ENN | C68: 2015-07-22 | D68: 31.931 | E68: 23.76 | F68: 39.1 | G68: 3.31 | H68: 167 | I68: 8.1 | J68: -973.9 | K68: 47.2
A69: Harsha | B69: EUS | C69: 2015-07-22 | D69: 0.954 | E69: 27.86 | F69: 182.3 | G69: 11.26 | H69: 211 | I69: 8.5 | J69: -936.5 | K69: 26.4
A70: Harsha | B70: EUS | C70: 2015-07-22 | D70: 13.975 | E70: 24.81 | F70: 76.5 | G70: 6.29 | H70: 261 | I70: 7.95 | J70: -953.9 | K70: 56.9
A71: Harsha | B71: EUS2 | C71: 2015-07-22 | D71: 1.035 | E71: 28.74 | F71: 176.4 | G71: 13.61 | H71: 209 | I71: 8.98 | J71: -998.6 | K71: 24.9
A72: Harsha | B72: EUS2 | C72: 2015-07-22 | D72: 13.128 | E72: 24.88 | F72: 78.1 | G72: 6.41 | H72: 200 | I72: 8.13 | J72: -978.2 | K72: 56.3
A73: Harsha | B73: EUS3 | C73: 2015-07-22 | D73: 1.025 | E73: 28 | F73: 175.2 | G73: 13.7 | H73: 211 | I73: 8.81 | J73: -1037.3 | K73: 27.2
... A78: Harsha | B78: EMB | C78: 2015-07-23 | D78: 47.05 | E78: 23.31 | F78: 13.4 | G78: 1.14 | H78: 164 | I78: 7.78 | J78: -976.9 | K78: 15.5
A79: Harsha | B79: EOF | C79: 2015-07-23 | D79: =CONVERT(0.1,"m","ft") -> 0.32808399 | E79: 28.68 | F79: 187.5 | G79: 14.49 | H79: 226 | I79: 9.35 | J79: -945 | K79: 17.8
A80: Harsha | B80: EOF | C80: 2015-07-23 | D80: =CONVERT(33, "m","ft") -> 108.26772 | E80: 19.41 | F80: 5.2 | G80: 0.48 | H80: 234 | I80: 7.41 | J80: -925.9 | K80: 26.5
A81: Harsha | B81: ECP | C81: 2015-07-27 | D81: 0.908 | E81: 29.13 | F81: 159.6 | G81: 12.29 | H81: 213 | I81: 9.11 | J81: -1013.1 | K81: 10.5
A82: Harsha | B82: ECP | C82: 2015-07-27 | D82: 30.71 | E82: 23.94 | F82: 10.2 | G82: 0.84 | H82: 172 | I82: 7.91 | J82: -984.1 | K82: 16.7
A83: Harsha | B83: EEB | C83: 2015-07-27 | D83: 0.853 | E83: 28.93 | F83: 153.2 | G83: 11.8 | H83: 227 | I83: 9.06 | J83: -1003 | K83: 11.1
A84: Harsha | B84: EEB | C84: 2015-07-27 | D84: 38.049 | E84: 23.66 | F84: 8.1 | G84: 0.66 | H84: 181 | I84: 7.88 | J84: -976.9 | K84: 20.1
A85: Harsha | B85: ENN | C85: 2015-07-27 | D85: 0.971 | E85: 28.9 | F85: 150.2 | G85: 11.57 | H85: 239 | I85: 8.92 | J85: -1006.8 | K85: 13.7
A86: Harsha | B86: ENN | C86: 2015-07-27 | D86: 28.082 | E86: 24.12 | F86: 6.9 | G86: 0.57 | H86: 210 | I86: 7.63 | J86: -968.9 | K86: 16.9
A87: Harsha | B87: EUS | C87: 2015-07-27 | D87: 0.865 | E87: 28.65 | F87: 102.9 | G87: 7.98 | H87: 264 | I87: 8.13 | J87: -992.8 | K87: 45.7
A88: Harsha | B88: EUS | C88: 2015-07-27 | D88: 9.072 | E88: 26.58 | F88: 70.6 | G88: 5.65 | H88: 429 | I88: 7.72 | J88: -988.4 | K88: 49.9
A89: Harsha | B89: EUS2 | C89: 2015-07-27 | D89: 0.769 | E89: 28.57 | F89: 96.7 | G89: 7.55 | H89: 274 | I89: 8.11 | J89: -982.9 | K89: 26.5
A90: Harsha | B90: EUS2 | C90: 2015-07-27 | D90: 9.129 | E90: 26.58 | F90: 61.2 | G90: 4.92 | H90: 410 | I90: 7.71 | J90: -976.5 | K90: 21.9
A91: Harsha | B91: EUS3 | C91: 2015-07-27 | D91: 0.947 | E91: 28.33 | F91: 86.1 | G91: 6.75 | H91: 279 | I91: 7.86 | J91: -977.3 | K91: 39.7
A92: Harsha | B92: EUS3 | C92: 2015-07-27 | D92: 9.542 | E92: 26.13 | F92: 75.7 | G92: 6.12 | H92: 458 | I92: 7.53 | J92: -973.1 | K92: 28.9
... A208: Harsha | B208: ENN | C208: 2015-09-08 | D208: 27.2 | E208: 24.34 | F208: 6.6 | G208: 0.55 | H208: 263 | I208: 7.46 | J208: -123.7 | K208: 25.8
A209: Harsha | B209: EOF | C209: 2015-09-10 | D209: 0.3 | E209: 27.14 | F209: 114.8 | G209: 9.13 | H209: 266 | I209: 8.95 | J209: 204 | K209: NA
A210: Harsha | B210: EOF | C210: 2015-09-10 | D210: 49.6 | E210: 22.9 | F210: 3.9 | G210: 0.33 | H210: 221 | I210: 7.17 | J210: -122 | K210: NA
A211: Harsha | B211: EFL | C211: 2015-09-10 | D211: 0.1 | E211: 27.19 | F211: 72.5 | G211: 5.75 | H211: 235 | I211: 8.5 | J211: 203 | K211: NA
A212: Harsha | B212: EFL | C212: 2015-09-10 | D212: 46.2 | E212: 23.14 | F212: 4.1 | G212: 0.35 | H212: 209 | I212: 7.19 | J212: -131.6 | K212: NA
A213: Harsha | B213: EMB | C213: 2015-09-10 | D213: 0.07 | E213: 27.5 | F213: 115 | G213: 9.08 | H213: 228 | I213: 8.88 | J213: 147.2 | K213: NA
A214: Harsha | B214: EMB | C214: 2015-09-10 | D214: 47.9 | E214: 23.15 | F214: 4 | G214: 0.34 | H214: 240 | I214: 7.05 | J214: -157.1 | K214: NA
A215: Harsha | B215: ECP | C215: 2015-09-23 | D215: 0.1 | E215: 24.6 | F215: NA | G215: NA | H215: NA | I215: NA | J215: NA | K215: NA
A216: Harsha | B216: ECP | C216: 2015-09-23 | D216: 27 | E216: 23.1 | F216: NA | G216: NA | H216: NA | I216: NA | J216: NA | K216: NA
A217: Harsha | B217: EEB | C217: 2015-09-23 | D217: 0.1 | E217: 24.6 | F217: NA | G217: NA | H217: NA | I217: NA | J217: NA | K217: NA
A218: Harsha | B218: EEB | C218: 2015-09-23 | D218: 40 | E218: 22.8 | F218: NA | G218: NA | H218: NA | I218: NA | J218: NA | K218: NA
A219: Harsha | B219: ENN | C219: 2015-09-23 | D219: 0.1 | E219: 24.8 | F219: NA | G219: NA | H219: NA | I219: NA | J219: NA | K219: NA
A220: Harsha | B220: ENN | C220: 2015-09-23 | D220: 23 | E220: 23.1 | F220: NA | G220: NA | H220: NA | I220: NA | J220: NA | K220: NA
A221: Harsha | B221: EUS | C221: 2015-09-23 | D221: 0.1 | E221: 24.1 | F221: NA | G221: NA | H221: NA | I221: NA | J221: NA | K221: NA
A222: Harsha | B222: EUS | C222: 2015-09-23 | D222: 7 | E222: 22.8 | F222: NA | G222: NA | H222: NA | I222: NA | J222: NA | K222: NA
A223: Harsha | B223: EUS2 | C223: 2015-09-23 | D223: 0.1 | E223: 23.9 | F223: NA | G223: NA | H223: NA | I223: NA | J223: NA | K223: NA
A224: Harsha | B224: EUS2 | C224: 2015-09-23 | D224: 7 | E224: 22.8 | F224: NA | G224: NA | H224: NA | I224: NA | J224: NA | K224: NA
A225: Harsha | B225: EUS3 | C225: 2015-09-23 | D225: 0.1 | E225: 23.8 | F225: NA | G225: NA | H225: NA | I225: NA | J225: NA | K225: NA
A226: Harsha | B226: EUS3 | C226: 2015-09-23 | D226: 8 | E226: 22.2 | F226: NA | G226: NA | H226: NA | I226: NA | J226: NA | K226: NA
A227: Harsha | B227: EFL | C227: 2015-09-25 | D227: 0.206 | E227: 24.09 | F227: 32.4 | G227: 7.76 | H227: 234 | I227: 7.89 | J227: 15 | K227: 2.2
A228: Harsha | B228: EFL | C228: 2015-09-25 | D228: 41.072 | E228: 23.32 | F228: 12.4 | G228: 1.05 | H228: 237 | I228: 7.47 | J228: 106.9 | K228: 6.2
A229: Harsha | B229: EMB | C229: 2015-09-25 | D229: 0.1 | E229: 23.75 | F229: 71.8 | G229: 6.07 | H229: 237 | I229: 7.6 | J229: 183.1 | K229: 1
A230: Harsha | B230: EMB | C230: 2015-09-25 | D230: 59.055 | E230: 22.96 | F230: 6.4 | G230: 0.55 | H230: 258 | I230: 7.05 | J230: -143.6 | K230: 4.7
A231: Harsha | B231: EOF | C231: 2015-09-25 | D231: 0.1 | E231: 24.48 | F231: 134.6 | G231: 11.22 | H231: 230 | I231: 8.47 | J231: 15.6 | K231: 1.8
A232: Harsha | B232: EOF | C232: 2015-09-25 | D232: 98.425 | E232: 19.4 | F232: 5.5 | G232: 0.51 | H232: 274 | I232: 6.59 | J232: -153.6 | K232: 5.8
A233: Harsha | B233: EUS3 | C233: 2015-09-28 | D233: 8.1 | E233: 22.1 | F233: 57.9 | G233: 5.05 | H233: 324 | I233: 7.24 | J233: 166.9 | K233: 27.9
A234: Harsha | B234: EUS3 | C234: 2015-09-28 | D234: 0.6 | E234: 23.7 | F234: 95.7 | G234: 8.13 | H234: 266 | I234: 7.34 | J234: 156.4 | K234: 16.4
A235: Harsha | B235: EUS | C235: 2015-09-28 | D235: 7.1 | E235: 22.7 | F235: 49.4 | G235: 4.24 | H235: 290 | I235: 7.46 | J235: 178.9 | K235: 22.5
A236: Harsha | B236: EUS | C236: 2015-09-28 | D236: 0.7 | E236: 24 | F236: 98.4 | G236: 8.33 | H236: 264 | I236: 7.39 | J236: 181.2 | K236: 9.8
A237: Harsha | B237: EUS2 | C237: 2015-09-28 | D237: 0.8 | E237: 23.78 | F237: 84.1 | G237: 7.12 | H237: 265 | I237: 7.36 | J237: 165.7 | K237: 10.1
A238: Harsha | B238: EUS2 | C238: 2015-09-28 | D238: 7 | E238: 22.7 | F238: 52.7 | G238: 4.52 | H238: 289 | I238: 7.52 | J238: 144.6 | K238: 11.4
... A258: Harsha | B258: EOF | C258: 2015-09-30 | D258: 0.3 | E258: 18.873596 | F258: 94.359334 | G258: 8.7762461 | H258: 227 | I258: 7.0484212 | J258: 69.966634 | K258: 1.7822266
A259: Harsha | B259: ENN | C259: 2015-10-05 | D259: 0.32808399 | E259: 22.21 | F259: 52.8 | G259: 4.6 | H259: 238 | I259: 7.59 | J259: NA | K259: 12.9
A260: Harsha | B260: ENN | C260: 2015-10-05 | D260: 26.246719 | E260: 20.42 | F260: 35 | G260: 3.15 | H260: 249 | I260: 7.57 | J260: NA | K260: 33.2
A261: Harsha | B261: EEB | C261: 2015-10-05 | D261: 0.82020997 | E261: 22.22 | F261: 24.8 | G261: 2.16 | H261: 235 | I261: 7.38 | J261: NA | K261: 9.3
A262: Harsha | B262: EEB | C262: 2015-10-05 | D262: 39.370079 | E262: 20.2 | F262: 37.6 | G262: 3.4 | H262: 251 | I262: 7.44 | J262: NA | K262: 13.4
A263: Harsha | B263: ECP | C263: 2015-10-05 | D263: 0.32808399 | E263: 22.11 | F263: 35.7 | G263: 3.13 | H263: 236 | I263: 7.46 | J263: NA | K263: 15.2
A264: Harsha | B264: ECP | C264: 2015-10-05 | D264: 27.887139 | E264: 19.77 | F264: 38.6 | G264: 3.53 | H264: 258 | I264: 7.56 | J264: NA | K264: 27.6
A265: Harsha | B265: EUS3 | C265: 2015-10-05 | D265: 0.32808399 | E265: 21.86 | F265: 72.1 | G265: 6.31 | H265: 245 | I265: 7.74 | J265: NA | K265: 16.5
A266: Harsha | B266: EUS3 | C266: 2015-10-05 | D266: 6.5616798 | E266: 16.84 | F266: 52.9 | G266: 5.11 | H266: 423 | I266: 7.74 | J266: NA | K266: 26.4
...

Sheet exetainerCodes
A1: Exetainer Codes
A2: Sample Date | B2: Sample Time | C2: Lake | D2: Site | E2: Sample Type | F2: Depth.ft | G2: Exetainer Code
A3: 42131 | B3: NA | C3: Harsha | D3: EUS3 | E3: trap | F3: NA | G3: 0007
A4: 42131 | B4: NA | C4: Harsha | D4: EUS3 | E4: trap | F4: NA | G4: 0008
A5: 42131 | B5: NA | C5: Harsha | D5: EUS3 | E5: trap | F5: NA | G5: 0009
A6: 42131 | B6: NA | C6: Harsha | D6: EUS | E6: trap | F6: NA | G6: 0004
A7: 42131 | B7: NA | C7: Harsha | D7: EUS | E7: trap | F7: NA | G7: 0005
A8: 42131 | B8: NA | C8: Harsha | D8: EUS | E8: trap | F8: NA | G8: 0006
A9: 42131 | B9: NA | C9: Harsha | D9: EUS2 | E9: trap | F9: NA | G9: 0001
A10: 42131 | B10: NA | C10: Harsha | D10: EUS2 | E10: trap | F10: NA | G10: 0002
A11: 42131 | B11: NA | C11: Harsha | D11: EUS2 | E11: trap | F11: NA | G11: 0003
A12: 42131 | B12: NA | C12: Harsha | D12: EEB | E12: trap | F12: NA | G12: 0010
A13: 42131 | B13: NA | C13: Harsha | D13: EEB | E13: trap | F13: NA | G13: 0011
A14: 42131 | B14: NA | C14: Harsha | D14: EEB | E14: trap | F14: NA | G14: 0012
... A80: 42179 | B80: NA | C80: CJ Brown | D80: P4 | E80: dg | F80: shallow | G80: 0106
A81: 42179 | B81: NA | C81: CJ Brown | D81: P1 | E81: dg | F81: 35.1 | G81: 0088
A82: 42179 | B82: NA | C82: CJ Brown | D82: P1 | E82: dg | F82: 31.82 | G82: 0089
A83: 42179 | B83: NA | C83: CJ Brown | D83: P1 | E83: dg | F83: 28.54 | G83: 0090
A84: 42179 | B84: NA | C84: CJ Brown | D84: P1 | E84: dg | F84: 25.26 | G84: 0091
A85: 42179 | B85: NA | C85: CJ Brown | D85: P1 | E85: dg | F85: 21.98 | G85: 0092
A86: 42179 | B86: NA | C86: CJ Brown | D86: P1 | E86: dg | F86: 18.7 | G86: 0093
A87: 42179 | B87: NA | C87: CJ Brown | D87: P1 | E87: dg | F87: 15.42 | G87: 0094
A88: 42179 | B88: NA | C88: CJ Brown | D88: P1 | E88: dg | F88: 12.14 | G88: 0095
A89: 42179 | B89: NA | C89: CJ Brown | D89: P1 | E89: dg | F89: 8.86 | G89: 0096
A90: 42179 | B90: NA | C90: CJ Brown | D90: P1 | E90: dg | F90: 5.58 | G90: 0097
A91: 42179 | B91: NA | C91: CJ Brown | D91: P1 | E91: dg | F91: shallow | G91: 0098
A92: 42179 | B92: NA | C92: CJ Brown | D92: P1 | E92: trap | F92: NA | G92: 0082
A93: 42179 | B93: NA | C93: CJ Brown | D93: P1 | E93: trap | F93: NA | G93: 0083
A94: 42179 | B94: NA | C94: CJ Brown | D94: P1 | E94: trap | F94: NA | G94: 0084
A95: 42179 | B95: NA | C95: CJ Brown | D95: P4 | E95: trap | F95: NA | G95: 0099
A96: 42179 | B96: NA | C96: CJ Brown | D96: P4 | E96: trap | F96: NA | G96: 0100
A97: 42179 | B97: NA | C97: CJ Brown | D97: P4 | E97: trap | F97: NA | G97: 0101
A98: 42179 | B98: NA | C98: CJ Brown | D98: P4 | E98: air | F98: NA | G98: 0102
A99: 42179 | B99: NA | C99: CJ Brown | D99: P4 | E99: air | F99: NA | G99: 0103
A100: 42179 | B100: NA | C100: CJ Brown | D100: P4 | E100: air | F100: NA | G100: 0104
A101: 42179 | B101: NA | C101: CJ Brown | D101: P3 | E101: air | F101: NA | G101: 0078
A102: 42179 | B102: NA | C102: CJ Brown | D102: P3 | E102: air | F102: NA | G102: 0079
... A151: 42191 | B151: NA | C151: Harsha | D151: EOF | E151: air | F151: NA | G151: 0163
A152: 42191 | B152: NA | C152: Harsha | D152: EOF | E152: dg | F152: 100.696 | G152: 0146
A153: 42191 | B153: NA | C153: Harsha | D153: EOF | E153: dg | F153: 89.872 | G153: 0147
A154: 42191 | B154: NA | C154: Harsha | D154: EOF | E154: dg | F154: 79 | G154: 0148
A155: 42191 | B155: NA | C155: Harsha | D155: EOF | E155: dg | F155: 68.224 | G155: 0149
A156: 42191 | B156: NA | C156: Harsha | D156: EOF | E156: dg | F156: 57.4 | G156: 0150
A157: 42191 | B157: NA | C157: Harsha | D157: EOF | E157: dg | F157: 46.576 | G157: 0151
A158: 42191 | B158: NA | C158: Harsha | D158: EOF | E158: dg | F158: 35.752 | G158: 0152
A159: 42191 | B159: NA | C159: Harsha | D159: EOF | E159: dg | F159: 24.928 | G159: 0153
A160: 42191 | B160: NA | C160: Harsha | D160: EOF | E160: dg | F160: 14.104 | G160: 0154
A161: 42191 | B161: NA | C161: Harsha | D161: EOF | E161: dg | F161: 3.28 | G161: 0155
A162: 42191 | B162: NA | C162: Harsha | D162: EOF | E162: dg | F162: 0.33 | G162: 0156
A163: 42191 | B163: NA | C163: Harsha | D163: EOF | E163: dg | F163: 0.33 | G163: 0157
A164: 42191 | B164: NA | C164: Harsha | D164: EFL | E164: trap | F164: NA | G164: 0164
A165: 42191 | B165: NA | C165: Harsha | D165: EFL | E165: trap | F165: NA | G165: 0165
A166: 42191 | B166: NA | C166: Harsha | D166: EFL | E166: trap | F166: NA | G166: 0166
A167: 42191 | B167: NA | C167: Harsha | D167: EFL | E167: dg | F167: shallow | G167: 0167
A168: 42191 | B168: NA | C168: Harsha | D168: EFL | E168: dg | F168: shallow | G168: 0168
A169: 42191 | B169: NA | C169: Harsha | D169: EMB | E169: trap | F169: NA | G169: 0169
A170: 42191 | B170: NA | C170: Harsha | D170: EMB | E170: trap | F170: NA | G170: 0170
A171: 42191 | B171: NA | C171: Harsha | D171: EMB | E171: trap | F171: NA | G171: 0171
A172: 42191 | B172: NA | C172: Harsha | D172: EMB | E172: dg | F172: shallow | G172: 0172
A173: 42191 | B173: NA | C173: Harsha | D173: EMB | E173: dg | F173: shallow | G173: 0173
A174: 42193 | B174: NA | C174: CJ Brown | D174: P4 | E174: trap | F174: NA | G174: 174
A175: 42193 | B175: NA | C175: CJ Brown | D175: P4 | E175: trap | F175: NA | G175: 175
A176: 42193 | B176: NA | C176: CJ Brown | D176: P4 | E176: trap | F176: NA | G176: 176
A177: 42193 | B177: NA | C177: CJ Brown | D177: P4 | E177: dg | F177: shallow | G177: 179
A178: 42193 | B178: NA | C178: CJ Brown | D178: P4 | E178: dg | F178: shallow | G178: 180
A179: 42193 | B179: NA | C179: CJ Brown | D179: P1 | E179: trap | F179: NA | G179: 181
A180: 42193 | B180: NA | C180: CJ Brown | D180: P1 | E180: trap | F180: NA | G180: 182
A181: 42193 | B181: NA | C181: CJ Brown | D181: P1 | E181: trap | F181: NA | G181: 183
A182: 42193 | B182: NA | C182: CJ Brown | D182: P1 | E182: dg | F182: shallow | G182: 184
A183: 42193 | B183: NA | C183: CJ Brown | D183: P1 | E183: dg | F183: shallow | G183: 185
A184: 42193 | B184: NA | C184: CJ Brown | D184: P3 | E184: trap | F184: NA | G184: 186
A185: 42193 | B185: NA | C185: CJ Brown | D185: P3 | E185: trap | F185: NA | G185: 187
... A190: 42193 | B190: NA | C190: CJ Brown | D190: P4 | E190: air | F190: NA | G190: 178
A191: 42200 | B191: NA | C191: Harsha | D191: EUS | E191: trap | F191: NA | G191: 191
A192: 42200 | B192: NA | C192: Harsha | D192: EUS | E192: trap | F192: NA | G192: 192
A193: 42200 | B193: NA | C193: Harsha | D193: EUS | E193: trap | F193: NA | G193: 193
A194: 42200 | B194: NA | C194: Harsha | D194: EUS | E194: dg | F194: shallow | G194: 194
A195: 42200 | B195: NA | C195: Harsha | D195: EUS | E195: dg | F195: shallow | G195: 195
A196: 42200 | B196: NA | C196: Harsha | D196: ENN | E196: trap | F196: NA | G196: 196
A197: 42200 | B197: NA | C197: Harsha | D197: ENN | E197: trap | F197: NA | G197: 197
A198: 42200 | B198: NA | C198: Harsha | D198: ENN | E198: trap | F198: NA | G198: 198
A199: 42200 | B199: NA | C199: Harsha | D199: ENN | E199: dg | F199: shallow | G199: 199
A200: 42200 | B200: NA | C200: Harsha | D200: ENN | E200: dg | F200: shallow | G200: 200
A201: 42200 | B201: NA | C201: Harsha | D201: ECP | E201: trap | F201: NA | G201: 204
A202: 42200 | B202: NA | C202: Harsha | D202: ECP | E202: trap | F202: NA | G202: 205
A203: 42200 | B203: NA | C203: Harsha | D203: ECP | E203: trap | F203: NA | G203: 206
A204: 42200 | B204: NA | C204: Harsha | D204: ECP | E204: dg | F204: shallow | G204: 207
A205: 42200 | B205: NA | C205: Harsha | D205: ECP | E205: dg | F205: shallow | G205: 208
A206: 42200 | B206: NA | C206: Harsha | D206: EMB | E206: trap | F206: NA | G206: 209
A207: 42200 | B207: NA | C207: Harsha | D207: EMB | E207: trap | F207: NA | G207: 210
A208: 42200 | B208: NA | C208: Harsha | D208: EMB | E208: trap | F208: NA | G208: 211
A209: 42200 | B209: NA | C209: Harsha | D209: EMB | E209: dg | F209: shallow | G209: 212
A210: 42200 | B210: NA | C210: Harsha | D210: EMB | E210: dg | F210: shallow | G210: 213
A211: 42200 | B211: NA | C211: Harsha | D211: ENN | E211: air | F211: NA | G211: 201
A212: 42200 | B212: NA | C212: Harsha | D212: ENN | E212: air | F212: NA | G212: 202
A213: 42200 | B213: NA | C213: Harsha | D213: ENN | E213: air | F213: NA | G213: 203
A214: 42201 | B214: NA | C214: Harsha | D214: EUS2 | E214: trap | F214: NA | G214: 214
A215: 42201 | B215: NA | C215: Harsha | D215: EUS2 | E215: trap | F215: NA | G215: 215
A216: 42201 | B216: NA | C216: Harsha | D216: EUS2 | E216: trap | F216: NA | G216: 216
A217: 42201 | B217: NA | C217: Harsha | D217: EUS2 | E217: dg | F217: shallow | G217: 217
...

Sheet controlTrap
A1: Sample Date | B1: Sample Time | C1: Lake | D1: Site | E1: Sample Type | F1: Gas volume | G1: Exetainer Code
A2: 42293 | B2: NA | C2: Harsha | D2: Control Trap 0.5 | E2: initial | F2: =145-21-21-21 -> 82 | G2: 1101
A3: 42293 | B3: NA | C3: Harsha | D3: Control Trap 0.5 | E3: initial | F3: =145-21-21-21 -> 82 | G3: 1102
A4: 42293 | B4: NA | C4: Harsha | D4: Control Trap 0.5 | E4: initial | F4: =145-21-21-21 -> 82 | G4: 1103
A5: 42293 | B5: NA | C5: Harsha | D5: Control Trap 1 | E5: initial | F5: =281-21-21-21 -> 218 | G5: 1104
A6: 42293 | B6: NA | C6: Harsha | D6: Control Trap 1 | E6: initial | F6: =281-21-21-21 -> 218 | G6: 1105
A7: 42293 | B7: NA | C7: Harsha | D7: Control Trap 1 | E7: initial | F7: =281-21-21-21 -> 218 | G7: 1106
A8: 42298 | B8: NA | C8: Harsha | D8: Control Trap 1 | E8: final | F8: =140+6+21+21+21 -> 209 | G8: 1166
A9: 42298 | B9: NA | C9: Harsha | D9: Control Trap 1 | E9: final | F9: =140+6+21+21+21 -> 209 | G9: 1167
A10: 42298 | B10: NA | C10: Harsha | D10: Control Trap 1 | E10: final | F10: =140+6+21+21+21 -> 209 | G10: 1168
A11: 42298 | B11: NA | C11: Harsha | D11: Control Trap 1 | E11: initial | F11: =420-22-22-22 -> 354 | G11: 1169
A12: 42298 | B12: NA | C12: Harsha | D12: Control Trap 1 | E12: initial | F12: =420-22-22-22 -> 354 | G12: 1170
A13: 42298 | B13: NA | C13: Harsha | D13: Control Trap 1 | E13: initial | F13: =420-22-22-22 -> 354 | G13: 1171
A14: 42298 | B14: NA | C14: Harsha | D14: Control Trap 0.5 | E14: final | F14: =21+21+20 -> 62 | G14: 1172
A15: 42298 | B15: NA | C15: Harsha | D15: Control Trap 0.5 | E15: final | F15: =21+21+20 -> 62 | G15: 1173
A16: 42298 | B16: NA | C16: Harsha | D16: Control Trap 0.5 | E16: final | F16: =21+21+20 -> 62 | G16: 1174
A17: 42298 | B17: NA | C17: Harsha | D17: Control Trap 0.5 | E17: initial | F17: =280-25-25-25 -> 205 | G17: 1175
A18: 42298 | B18: NA | C18: Harsha | D18: Control Trap 0.5 | E18: initial | F18: =280-25-25-25 -> 205 | G18: 1176
A19: 42298 | B19: NA | C19: Harsha | D19: Control Trap 0.5 | E19: initial | F19: =280-25-25-25 -> 205 | G19: 1177
A20: 42307 | B20: NA | C20: Harsha | D20: Control Trap 1 | E20: final | F20: =28+28+27+140+50+10 -> 283 | G20: 1232
A21: 42307 | B21: NA | C21: Harsha | D21: Control Trap 1 | E21: final | F21: =28+28+27+140+50+10 -> 283 | G21: 1233
A22: 42307 | B22: NA | C22: Harsha | D22: Control Trap 1 | E22: final | F22: =28+28+27+140+50+10 -> 283 | G22: 1234
A23: 42307 | B23: NA | C23: Harsha | D23: Control Trap 1 | E23: initial | F23: =140+140+140-26-28-28 -> 338 | G23: 1235
A24: 42307 | B24: NA | C24: Harsha | D24: Control Trap 1 | E24: initial | F24: =140+140+140-26-28-28 -> 338 | G24: 1236
A25: 42307 | B25: NA | C25: Harsha | D25: Control Trap 1 | E25: initial | F25: =140+140+140-26-28-28 -> 338 | G25: 1237
A26: 42307 | B26: NA | C26: Harsha | D26: Control Trap 0.5 | E26: final | F26: =28+28+27+90 -> 173 | G26: 1238
A27: 42307 | B27: NA | C27: Harsha | D27: Control Trap 0.5 | E27: final | F27: =28+28+27+90 -> 173 | G27: 1239
A28: 42307 | B28: NA | C28: Harsha | D28: Control Trap 0.5 | E28: final | F28: =28+28+27+90 -> 173 | G28: 1240
A29: 42307 | B29: NA | C29: Harsha | D29: Control Trap 0.5 | E29: initial | F29: =140+140-24-23-23 -> 210 | G29: 1241
A30: 42307 | B30: NA | C30: Harsha | D30: Control Trap 0.5 | E30: initial | F30: =140+140-24-23-23 -> 210 | G30: 1242
A31: 42307 | B31: NA | C31: Harsha | D31: Control Trap 0.5 | E31: initial | F31: =140+140-24-23-23 -> 210 | G31: 1243
A32: 42313 | B32: NA | C32: Harsha | D32: Control Trap 1 | E32: final | F32: =26+26+26+140+85 -> 303 | G32: 1268
A33: 42313 | B33: NA | C33: Harsha | D33: Control Trap 1 | E33: final | F33: =26+26+26+140+85 -> 303 | G33: 1269
A34: 42313 | B34: NA | C34: Harsha | D34: Control Trap 1 | E34: final | F34: =26+26+26+140+85 -> 303 | G34: 1270
A35: 42313 | B35: NA | C35: Harsha | D35: Control Trap 1 | E35: initial | F35: =420-23-23-22 -> 352 | G35: 1271
A36: 42313 | B36: NA | C36: Harsha | D36: Control Trap 1 | E36: initial | F36: =420-23-23-22 -> 352 | G36: 1272
A37: 42313 | B37: NA | C37: Harsha | D37: Control Trap 1 | E37: initial | F37: =420-23-23-22 -> 352 | G37: 1273
A38: 42313 | B38: NA | C38: Harsha | D38: Control Trap 0.5 | E38: final | F38: =25+25+24+103 -> 177 | G38: 1274
A39: 42313 | B39: NA | C39: Harsha | D39: Control Trap 0.5 | E39: final | F39: =25+25+24+103 -> 177 | G39: 1275
A40: 42313 | B40: NA | C40: Harsha | D40: Control Trap 0.5 | E40: final | F40: =25+25+24+103 -> 177 | G40: 1276
A41: 42313 | B41: NA | C41: Harsha | D41: Control Trap 0.5 | E41: initial | F41: =280-22-23-23 -> 212 | G41: 1277
A42: 42313 | B42: NA | C42: Harsha | D42: Control Trap 0.5 | E42: initial | F42: =280-22-23-23 -> 212 | G42: 1278
A43: 42313 | B43: NA | C43: Harsha | D43: Control Trap 0.5 | E43: initial | F43: =280-22-23-23 -> 212 | G43: 1279
A44: 42320 | B44: NA | C44: Harsha | D44: Control Trap 1 | E44: final | F44: =140+55+26+27+26 -> 274 | G44: 1336
A45: 42320 | B45: NA | C45: Harsha | D45: Control Trap 1 | E45: final | F45: =140+55+26+27+26 -> 274 | G45: 1337
A46: 42320 | B46: NA | C46: Harsha | D46: Control Trap 1 | E46: final | F46: =140+55+26+27+26 -> 274 | G46: 1338
A47: 42320 | B47: NA | C47: Harsha | D47: Control Trap 0.5 | E47: final | F47: =105+26+27+28 -> 186 | G47: 1339
A48: 42320 | B48: NA | C48: Harsha | D48: Control Trap 0.5 | E48: final | F48: =105+26+27+28 -> 186 | G48: 1340
A49: 42320 | B49: NA | C49: Harsha | D49: Control Trap 0.5 | E49: final | F49: =105+26+27+28 -> 186 | G49: 1341
A50: 42328 | B50: NA | C50: Harsha | D50: Control Trap 1 | E50: initial | F50: =(140*3)-23-23-22 -> 352 | G50: 1391
A51: 42328 | B51: NA | C51: Harsha | D51: Control Trap 1 | E51: initial | F51: =(140*3)-23-23-22 -> 352 | G51: 1392
A52: 42328 | B52: NA | C52: Harsha | D52: Control Trap 1 | E52: initial | F52: =(140*3)-23-23-22 -> 352 | G52: 1393
A53: 42328 | B53: NA | C53: Harsha | D53: Control Trap 0.5 | E53: initial | F53: =280-24-24-23 -> 209 | G53: 1394
A54: 42328 | B54: NA | C54: Harsha | D54: Control Trap 0.5 | E54: initial | F54: =280-24-24-23 -> 209 | G54: 1395
A55: 42328 | B55: NA | C55: Harsha | D55: Control Trap 0.5 | E55: initial | F55: =280-24-24-23 -> 209 | G55: 1396
A56: 42333 | B56: NA | C56: Harsha | D56: Control Trap 1 | E56: final | F56: =25+26+26+140+110 -> 327 | G56: 1443
A57: 42333 | B57: NA | C57: Harsha | D57: Control Trap 1 | E57: final | F57: =25+26+26+140+110 -> 327 | G57: 1444
A58: 42333 | B58: NA | C58: Harsha | D58: Control Trap 1 | E58: final | F58: =25+26+26+140+110 -> 327 | G58: 1445
A59: 42333 | B59: NA | C59: Harsha | D59: Control Trap 0.5 | E59: final | F59: =28+25+26+100 -> 179 | G59: 1446
A60: 42333 | B60: NA | C60: Harsha | D60: Control Trap 0.5 | E60: final | F60: =28+25+26+100 -> 179 | G60: 1447
A61: 42333 | B61: NA | C61: Harsha | D61: Control Trap 0.5 | E61: final | F61: =28+25+26+100 -> 179 | G61: 1448

Sheet dropdownList
A1: 1
A2: 2
A3: 3
A4: 4
A5: 5
A6: 6
A7: 7
A8: 8
A9: 9
A10: 10
A11: 11
A12: 12
... A21: 21
